customer_id,full_name,email,service_plan,connection_type,monthly_charges,bandwidth_mb,avg_monthly_gb_usage,customer_rating,support_tickets_opened,churn_risk
CUS000000,Craig Scott,wendy57@example.net,Basic,DSL,99.16,10,1230.99,4,15,High
CUS000001,Amber Carlson,tuckermeghan@example.com,Basic,DSL,188.95,500,317.47,5,0,Medium
CUS000002,Tanner Howard,donaldprice@example.com,Premium,Satellite,179.32,20,1669.77,4,2,Medium
CUS000003,Jennifer Harmon,jacksontimothy@example.net,Standard,Cable,111.16,50,254.58,3,15,Medium
CUS000004,Scott Turner,ronald67@example.org,Standard,Satellite,63.9,100,1451.59,5,3,High
CUS000005,Sandra Harris,vjames@example.org,Standard,Satellite,193.86,200,279.58,4,11,High
CUS000006,Joseph Wilson,swalker@example.org,Basic,DSL,84.59,10,272.32,2,15,Medium
CUS000007,Mariah Walls,paynetiffany@example.net,Enterprise,DSL,239.79,500,257.21,3,14,Medium
CUS000008,Justin Allen,david46@example.com,Basic,Satellite,184.34,50,437.36,1,5,High
CUS000009,Michael Graham,scottglover@example.net,Enterprise,Satellite,145.2,50,439.51,2,9,Medium
CUS000010,Kenneth Chambers,brianna00@example.org,Business,DSL,127.59,1000,562.84,1,11,Low
CUS000011,Dr. Tiffany Perry,walshkyle@example.com,Basic,Cable,120.97,20,1070.13,5,4,Medium
CUS000012,Andrew Miller,hcontreras@example.org,Basic,Cable,152.92,10,443.26,1,3,Low
CUS000013,Robert Watson,nunezgary@example.com,Basic,Satellite,189.22,100,1421.7,2,12,Low
CUS000014,Yolanda Torres,katrinasnyder@example.org,Standard,Cable,185.24,1000,625.93,1,3,Medium
CUS000015,Jennifer Martinez,courtney34@example.org,Standard,Satellite,59.75,100,126.84,3,10,Medium
CUS000016,James Nolan,pporter@example.com,Enterprise,Fiber,279.97,300,1017.89,3,2,Medium
CUS000017,Luke Dunn,wyatt52@example.org,Enterprise,DSL,159.87,500,455.0,2,9,Low
CUS000018,Rick Chase,alex12@example.net,Basic,Satellite,186.33,200,1869.59,4,14,High
CUS000019,Justin Caldwell,lindawilliams@example.org,Enterprise,Satellite,299.51,20,694.68,1,12,Low
CUS000020,Terry Burgess,ayalajeffrey@example.net,Standard,Satellite,97.48,10,55.34,2,13,Low
CUS000021,Joseph Rogers,erintrujillo@example.org,Enterprise,Cable,214.20999999999998,100,1359.68,1,7,Low
CUS000022,Jesse Pope,lholmes@example.net,Business,Satellite,189.21,10,1818.42,2,7,High
CUS000023,Jennifer Good,perrytyler@example.com,Standard,Fiber,193.55,1500,1678.7,1,5,Low
CUS000024,Johnathan Berger,melaniedunn@example.org,Business,Cable,187.42,1000,1354.59,4,15,Low
CUS000025,Julie Brady,timothydunn@example.net,Enterprise,DSL,279.03999999999996,20,340.83,2,12,Medium
CUS000026,Crystal Boyd,nathanschmidt@example.org,Premium,Fiber,31.57,15,225.66,3,2,High
CUS000027,Steven Schmidt,chavezemily@example.net,Basic,Satellite,126.54,10,1047.83,4,10,Low
CUS000028,Daniel Smith,nshaw@example.net,Standard,Fiber,48.23,15,1460.95,3,6,Low
CUS000029,Jill Hernandez,suzanne60@example.org,Business,Satellite,197.1,1000,247.52,4,13,Medium
CUS000030,Steven King,pachecoamy@example.com,Premium,Fiber,78.37,1500,548.99,3,13,High
CUS000031,Jared Shepherd,patrickbuckley@example.com,Premium,Cable,198.14,20,500.76,4,10,High
CUS000032,Jacqueline Williams,wesley59@example.org,Standard,Satellite,122.35,20,1977.9,1,7,Medium
CUS000033,Rebekah White,lauracervantes@example.net,Standard,Cable,113.96,20,627.24,3,5,Low
CUS000034,Cathy Jones,fsmith@example.org,Premium,Fiber,189.55,1500,955.34,1,2,Medium
CUS000035,Jordan Morris,amanda65@example.org,Basic,Satellite,174.67,100,244.63,2,15,High
CUS000036,Charles Buchanan,pmcmillan@example.org,Basic,DSL,109.55,50,390.67,1,3,High
CUS000037,Austin Morales,calderonjohn@example.org,Business,DSL,62.77,500,126.92,3,14,Low
CUS000038,Lynn Ramirez,stacywebster@example.com,Basic,Satellite,49.14,500,616.61,4,10,Low
CUS000039,Cynthia Moore,patrick71@example.org,Premium,Fiber,57.61,750,1613.11,1,3,High
CUS000040,Zachary Rice,hinesnicole@example.org,Premium,DSL,108.01,10,659.78,5,14,High
CUS000041,Adam Wood,qyoder@example.com,Enterprise,Satellite,173.73000000000002,200,1490.15,4,5,Medium
CUS000042,Jason Carter,jperez@example.net,Premium,DSL,61.64,200,235.25,2,9,Medium
CUS000043,John Nichols,yschwartz@example.com,Basic,Satellite,155.22,50,1528.5,2,12,Low
CUS000044,Tammy Schmitt,nicholas27@example.org,Business,Fiber,164.42,1500,139.48,3,2,Medium
CUS000045,Carrie Bradshaw,khill@example.net,Enterprise,Fiber,226.51,15,1711.4,4,3,High
CUS000046,Leah Nielsen,timothy91@example.com,Basic,Cable,158.73,10,1343.54,1,12,Medium
CUS000047,Kimberly Farmer,dennis50@example.org,Business,DSL,59.82,10,382.5,1,10,Medium
CUS000048,Joseph Olsen,georgewilliamson@example.com,Basic,Cable,175.53,20,747.18,2,15,High
CUS000049,Cheryl Martinez,pandrade@example.org,Enterprise,Fiber,282.49,750,903.54,4,1,Medium
CUS000050,Matthew Blankenship,luis71@example.org,Premium,Satellite,170.58,100,1262.52,4,2,High
CUS000051,John Glass,patriciawilliams@example.org,Enterprise,Fiber,217.59,1500,1763.03,2,6,Medium
CUS000052,Ashley Johnson,kingjennifer@example.org,Premium,Fiber,44.74,30,231.26,1,4,High
CUS000053,Vincent Nguyen,xscott@example.com,Enterprise,Satellite,243.76,10,1639.18,2,0,High
CUS000054,John Oliver,qaguirre@example.com,Standard,Cable,61.4,1000,406.6,4,4,Low
CUS000055,Laura Hunter,tammycummings@example.org,Basic,DSL,53.89,1000,831.52,1,4,Low
CUS000056,Christopher Cole,michaelramirez@example.com,Basic,Fiber,85.0,1500,1926.5,5,14,Medium
CUS000057,Claudia Oconnor,thorntonsydney@example.org,Standard,Fiber,72.16,75,580.07,2,9,Low
CUS000058,Jenna Parks,kristinebrown@example.net,Premium,DSL,74.32,10,802.15,4,12,Medium
CUS000059,Kimberly Mckay,kara98@example.net,Basic,Fiber,70.03,15,1708.81,4,14,Medium
CUS000060,Karen Ford,rossjordan@example.com,Standard,DSL,158.13,100,1609.8,3,6,Medium
CUS000061,Crystal Lopez,hannahpeterson@example.net,Basic,DSL,192.18,10,1315.25,3,6,Medium
CUS000062,Diane Hayes,christopher07@example.com,Business,DSL,81.32,20,1603.97,2,10,Medium
CUS000063,Thomas Kelly,victoria01@example.com,Premium,Satellite,152.88,200,270.46,1,9,Medium
CUS000064,Melissa Drake,taylordavenport@example.org,Business,Cable,31.93,100,1407.53,5,9,Low
CUS000065,Carrie Wagner,sjacobson@example.net,Premium,Cable,141.12,1000,164.36,5,13,Low
CUS000066,Jeffrey Dodson,theresabaker@example.net,Standard,Satellite,147.76,500,1887.81,1,11,Low
CUS000067,Taylor Howard,georgesilva@example.org,Premium,Cable,40.55,100,360.82,3,2,High
CUS000068,James Guzman,richlisa@example.org,Premium,Cable,50.09,100,861.25,4,0,High
CUS000069,Caleb Hall,michael85@example.com,Standard,Cable,82.15,10,1201.96,3,12,Medium
CUS000070,Kimberly Chandler,qfranklin@example.org,Premium,Fiber,98.91,150,1614.42,2,4,High
CUS000071,Cathy Chambers,jamesrobertson@example.net,Basic,Satellite,115.42,500,1372.87,3,9,Low
CUS000072,Joshua Riggs,ronaldkemp@example.org,Enterprise,Cable,282.15999999999997,100,403.46,1,1,Medium
CUS000073,Sandra Hamilton,howardchristopher@example.org,Standard,Satellite,149.59,20,790.51,2,11,Medium
CUS000074,Christopher Montes,anthony93@example.org,Enterprise,Cable,182.86,50,749.27,1,1,Low
CUS000075,Amy Cole,carolrivera@example.org,Standard,Cable,49.95,20,106.19,2,0,Medium
CUS000076,Ashley Jenkins,lisajordan@example.org,Standard,Satellite,185.73,20,1384.71,4,11,High
CUS000077,Christopher Maynard,erikawarren@example.com,Business,DSL,80.15,50,1685.15,3,3,Medium
CUS000078,Amy Shaw,fbarber@example.com,Business,Satellite,134.48,50,1948.22,1,9,Medium
CUS000079,Katherine Fox,vaughndavid@example.org,Premium,DSL,67.24,100,304.78,2,0,Low
CUS000080,Ricky West,laurakramer@example.org,Enterprise,Fiber,152.7,30,1844.78,3,7,High
CUS000081,Mrs. Cynthia Howell DDS,framirez@example.net,Standard,Satellite,56.03,10,270.23,5,13,High
CUS000082,Mark Nelson,walkercarla@example.org,Premium,DSL,157.1,200,852.0,1,12,Medium
CUS000083,Carol Lee,amy20@example.net,Basic,Cable,132.97,200,139.65,4,10,High
CUS000084,Natalie Zhang,veronicawhitaker@example.net,Standard,Fiber,100.68,300,560.15,2,12,High
CUS000085,David Hebert,jasmine67@example.org,Basic,Satellite,123.36,20,662.76,1,12,High
CUS000086,Jason Galloway,rhondarobinson@example.org,Premium,DSL,110.03,500,1423.91,1,12,High
CUS000087,Angela Franklin,zvillegas@example.com,Business,DSL,121.37,50,1371.96,5,13,High
CUS000088,Melissa Goodman,amymiller@example.org,Premium,Satellite,142.89,100,1546.68,4,6,Medium
CUS000089,William Porter,charles85@example.com,Basic,DSL,67.12,100,1174.47,5,5,Medium
CUS000090,Caitlin Wright,clinton78@example.net,Standard,Satellite,72.06,200,1151.77,2,15,High
CUS000091,Erika Hendricks,larrysmith@example.net,Enterprise,DSL,258.3,100,1956.9,3,4,Low
CUS000092,Felicia Williams,ecobb@example.com,Premium,Cable,178.42,10,1356.2,1,6,High
CUS000093,Ryan Ross,ericabailey@example.net,Standard,Satellite,43.91,10,709.69,2,12,Low
CUS000094,Arthur Ford,perrybriana@example.net,Business,Satellite,105.94,50,1070.05,2,11,Medium
CUS000095,Richard Stone,nicholas89@example.org,Business,Fiber,149.63,150,1416.13,4,13,Medium
CUS000096,Claudia Cowan,brussell@example.net,Business,Cable,43.27,20,235.72,1,4,Medium
CUS000097,Nicole Melton,alvaradohannah@example.com,Standard,Satellite,125.9,100,1340.34,5,9,High
CUS000098,Anthony Greene,angela94@example.net,Premium,DSL,40.49,20,534.73,3,4,Medium
CUS000099,Duane Sandoval,qchavez@example.org,Standard,DSL,123.09,500,724.21,1,4,High
CUS000100,Christian King,catherinejackson@example.org,Standard,DSL,115.92,1000,1368.78,1,0,High
CUS000101,Alexandria Booker,williampayne@example.org,Enterprise,Fiber,227.35,300,800.51,3,2,Medium
CUS000102,Shannon Griffith,johndavis@example.org,Enterprise,Satellite,155.46,20,1686.11,2,0,Medium
CUS000103,Amanda Adams,jeffreyjohnson@example.net,Premium,DSL,85.77,500,1138.77,5,4,Medium
CUS000104,Darrell Lee,paullarson@example.net,Enterprise,Fiber,218.45,1500,1976.19,1,15,Low
CUS000105,Michelle Kim,klee@example.com,Business,Fiber,49.75,300,156.4,2,13,Low
CUS000106,William Walker,simmonscharles@example.com,Enterprise,Satellite,164.91,1000,1304.63,4,4,High
CUS000107,Rebecca Rodriguez,teresa95@example.net,Business,DSL,129.13,10,356.01,2,2,Low
CUS000108,Molly Goodman,jameslawson@example.com,Premium,Cable,45.45,100,1705.25,3,4,Low
CUS000109,Cathy Perez,johnjohnson@example.com,Standard,DSL,116.75,1000,1711.15,5,13,Medium
CUS000110,Alicia Adams,oalvarado@example.com,Standard,Cable,167.47,500,1745.36,3,14,Medium
CUS000111,Harold Wilson,jamesgamble@example.net,Enterprise,Cable,207.07,50,195.99,4,13,High
CUS000112,Kaitlin Miller,kimberly71@example.net,Business,DSL,117.24,100,1008.71,2,5,High
CUS000113,Russell Williams,darlenereeves@example.org,Basic,Cable,107.65,200,519.74,1,14,Low
CUS000114,Douglas Jordan,misty77@example.com,Basic,Fiber,39.81,1500,1941.78,4,13,High
CUS000115,Jordan Brown,travis12@example.org,Basic,Fiber,108.59,150,148.18,3,14,Medium
CUS000116,Donald Salazar,sarapace@example.net,Standard,DSL,167.17,50,484.28,2,12,Medium
CUS000117,Travis Jacobs,glenneduardo@example.org,Standard,Satellite,152.95,200,1304.47,3,11,Low
CUS000118,Susan Stanley,michaelking@example.com,Business,Fiber,97.3,300,836.39,1,7,Medium
CUS000119,Maria Moon,donald08@example.org,Enterprise,DSL,268.78999999999996,50,508.25,4,5,Medium
CUS000120,Rachel Perez,thomas39@example.org,Basic,Cable,156.78,100,945.23,4,13,Medium
CUS000121,Stephanie Ward,timothy92@example.org,Business,Fiber,128.3,75,1612.46,5,0,Medium
CUS000122,Scott Baker,lisa41@example.com,Business,DSL,37.69,20,923.79,3,15,Medium
CUS000123,Margaret Dawson,kirkanthony@example.net,Enterprise,DSL,188.56,10,1720.35,5,7,Low
CUS000124,Mitchell Forbes,chaseharper@example.com,Business,Satellite,40.83,50,921.78,4,8,High
CUS000125,Rebecca Pace,donald89@example.net,Enterprise,Cable,298.99,200,281.48,2,13,Low
CUS000126,Brian Wright,vmarquez@example.com,Premium,Cable,188.87,20,1019.88,5,11,Low
CUS000127,Jon Salazar,nrangel@example.net,Enterprise,Cable,141.72,10,1324.08,2,1,Low
CUS000128,Matthew Hudson,josetyler@example.com,Basic,DSL,188.73,1000,250.15,5,1,High
CUS000129,Mary Hawkins,zknight@example.org,Basic,DSL,35.38,1000,854.06,3,15,Medium
CUS000130,Lisa Rogers,jesuscross@example.org,Enterprise,Cable,199.5,50,1136.41,3,11,High
CUS000131,Kristen Kelly,cowaneddie@example.com,Premium,DSL,160.72,10,50.33,4,3,Low
CUS000132,Tamara Rivera,lisaphillips@example.com,Premium,Satellite,160.18,1000,227.25,3,15,High
CUS000133,Gerald Willis,pspears@example.com,Basic,DSL,196.31,100,1228.2,5,2,Low
CUS000134,Ryan Brown,dmoody@example.com,Premium,DSL,139.79,200,1257.18,5,4,Medium
CUS000135,Philip Swanson,richardmurray@example.org,Business,Fiber,101.45,75,643.97,2,8,Low
CUS000136,Todd Johnson,shane07@example.net,Standard,Satellite,198.78,1000,1041.26,1,14,Medium
CUS000137,Steve Bean,nathanhoward@example.org,Business,Fiber,95.01,300,453.36,5,2,Low
CUS000138,Michael Johnson,joshuawhite@example.com,Basic,Cable,177.83,20,1359.38,2,2,Low
CUS000139,Kimberly Allison,brentgreene@example.net,Premium,Cable,184.14,20,1903.19,4,7,High
CUS000140,Julie Monroe,bryanallison@example.org,Enterprise,Satellite,193.85,10,758.52,3,15,Medium
CUS000141,Virginia Reilly,murphykenneth@example.net,Standard,DSL,146.05,20,155.84,3,2,Low
CUS000142,Ashley Jones,dstevens@example.com,Enterprise,Fiber,242.49,750,484.69,5,9,Medium
CUS000143,Andrew Reynolds,roger65@example.net,Basic,Satellite,121.67,20,936.2,3,1,High
CUS000144,Alexis Larson,aprice@example.com,Premium,Fiber,141.09,75,1142.29,4,10,Medium
CUS000145,Kathy Lee,harveyroy@example.net,Enterprise,DSL,189.11,200,1258.53,1,0,High
CUS000146,Michael Brennan,joserodriguez@example.net,Enterprise,Fiber,160.32999999999998,1500,972.61,5,15,High
CUS000147,Kristen Lane,krystalgutierrez@example.com,Standard,Satellite,121.32,1000,1331.48,4,14,Medium
CUS000148,Catherine Compton,perezsean@example.org,Standard,DSL,119.89,500,1446.03,2,15,Medium
CUS000149,Paula Shepard,showell@example.com,Premium,DSL,153.73,10,272.35,1,10,Low
CUS000150,Gary Coffey,tiffanybradley@example.org,Standard,Satellite,67.85,1000,1530.67,5,13,High
CUS000151,Michael Collins,rbrown@example.net,Enterprise,DSL,130.57999999999998,20,482.41,3,11,Medium
CUS000152,Sean Pena,hawkinscharles@example.com,Enterprise,Fiber,133.86,300,715.65,5,9,High
CUS000153,Kelsey Hanson,xweaver@example.com,Basic,Cable,80.71,1000,1668.27,2,9,Low
CUS000154,Anthony Johnson,staffordkristen@example.org,Enterprise,Satellite,244.48,1000,1930.65,3,5,Medium
CUS000155,Kelly Walker,vmartin@example.net,Premium,Fiber,122.55,150,619.37,1,1,Medium
CUS000156,Daniel Munoz,joseph41@example.net,Business,DSL,120.42,50,1067.87,5,9,High
CUS000157,Kelly Gillespie,bradshawmichelle@example.org,Basic,Cable,169.96,1000,1419.09,4,8,Medium
CUS000158,Bonnie Williams,palmerwilliam@example.org,Basic,Fiber,72.07,1500,139.27,2,1,Medium
CUS000159,Zachary Gonzales,emily41@example.net,Premium,Satellite,88.84,20,370.1,5,15,High
CUS000160,Steve Ewing,brandon37@example.net,Premium,DSL,76.85,20,323.88,4,5,Low
CUS000161,Michael Ford,kara88@example.org,Standard,Satellite,189.35,20,1447.87,5,1,Medium
CUS000162,Jon Mendoza,xpierce@example.com,Basic,Fiber,153.24,300,1457.04,2,9,Low
CUS000163,David Miller,tmartinez@example.org,Standard,Cable,49.17,50,258.57,5,0,High
CUS000164,Annette Davis,melissa87@example.org,Enterprise,Fiber,267.6,1500,1241.16,3,9,High
CUS000165,Michael Terry,palmerwilliam@example.net,Basic,Fiber,101.26,750,415.71,3,15,Low
CUS000166,Stephanie Lewis,kelly43@example.org,Basic,DSL,160.22,500,1863.92,4,2,Medium
CUS000167,Jeffrey Evans,jeremy48@example.com,Business,Satellite,180.23,50,816.15,3,4,Medium
CUS000168,Raymond Jennings,dmiller@example.net,Basic,Fiber,32.65,300,941.24,1,2,High
CUS000169,Joseph Flores,allenemily@example.org,Enterprise,Fiber,165.01999999999998,15,1573.77,1,8,High
CUS000170,David Green,brent16@example.org,Standard,Cable,47.14,500,1447.74,5,8,Medium
CUS000171,Victoria Walker,kristina10@example.net,Standard,Cable,35.7,500,260.14,1,4,Low
CUS000172,Victoria Haynes,tgomez@example.org,Business,Satellite,131.61,50,858.22,1,8,High
CUS000173,Annette Brewer,wcarter@example.com,Enterprise,Satellite,249.55,200,1856.92,2,8,Medium
CUS000174,Michael Carson,davisjacqueline@example.com,Standard,DSL,38.26,200,1683.06,2,8,Medium
CUS000175,Christina Bennett,zbrown@example.net,Premium,Satellite,155.88,20,1198.18,1,0,Medium
CUS000176,Kathleen Willis,jeffrey30@example.com,Enterprise,Cable,198.38,200,1555.68,2,3,Low
CUS000177,Ronald Holmes,slewis@example.org,Enterprise,Satellite,169.82999999999998,20,928.48,1,5,Medium
CUS000178,Kathy Hughes,ryan88@example.net,Business,Fiber,66.93,1500,1333.99,4,4,High
CUS000179,Casey Gibbs,bradley89@example.com,Standard,Satellite,176.82,1000,1914.57,2,14,Low
CUS000180,Katie Nolan,danny80@example.org,Enterprise,Satellite,139.59,100,312.54,1,11,High
CUS000181,Adam Vega,laura21@example.com,Standard,DSL,115.65,200,1022.72,1,5,Low
CUS000182,Rebecca Fischer,trodriguez@example.org,Premium,Fiber,79.16,75,1084.21,5,8,Medium
CUS000183,Mark Duke,clarkmelissa@example.org,Business,DSL,168.67,20,144.71,4,7,Medium
CUS000184,William Moon,brandycampbell@example.com,Premium,Cable,154.35,100,1873.85,4,15,Low
CUS000185,Christopher Raymond,buckwilliam@example.com,Business,Satellite,84.2,10,1685.69,5,5,Medium
CUS000186,Toni Wilson,nhernandez@example.net,Enterprise,Satellite,231.64,10,991.72,5,1,High
CUS000187,Angelica Hayden,sandrajones@example.org,Business,Cable,144.32,10,1041.25,5,10,Medium
CUS000188,Leslie Evans,josephsanders@example.net,Basic,DSL,84.5,20,1846.27,3,2,Low
CUS000189,Brenda Ortiz,qmiller@example.com,Standard,Fiber,81.29,300,395.54,1,4,High
CUS000190,Sherri Cohen,smithashley@example.com,Standard,DSL,54.34,20,1178.18,3,4,High
CUS000191,Andrea Herrera,theresataylor@example.org,Basic,DSL,142.23,10,1474.46,2,15,Low
CUS000192,Cynthia Moyer,brownnicholas@example.net,Premium,Fiber,67.57,300,300.34,5,13,High
CUS000193,Chad Clark,gene72@example.org,Basic,Satellite,81.08,100,805.44,1,12,High
CUS000194,Angela Barr,michaelcruz@example.com,Enterprise,DSL,140.35,10,1221.06,1,7,Low
CUS000195,Seth Hicks,martin28@example.org,Enterprise,Cable,291.24,50,1771.26,2,14,High
CUS000196,David Hill,scott49@example.org,Standard,Fiber,179.54,300,1033.01,4,5,Medium
CUS000197,Sheila Kelly,andrew61@example.org,Enterprise,Satellite,284.96000000000004,20,800.09,1,6,Medium
CUS000198,Shawn Odonnell,colemanmarissa@example.com,Standard,Fiber,136.41,1500,1960.03,4,11,Low
CUS000199,David Bender,robertsoncharles@example.com,Basic,Cable,102.61,20,1836.02,1,1,High
CUS000200,Jill Cohen,christinemarsh@example.com,Basic,Fiber,114.25,75,1536.63,3,8,High
CUS000201,Kristen Harrington,gomezteresa@example.com,Basic,Fiber,195.28,750,583.51,5,3,Medium
CUS000202,Erika Wilkinson,chavezkimberly@example.net,Standard,DSL,190.06,20,1929.01,4,1,Medium
CUS000203,Regina Brown,garcianichole@example.com,Basic,Cable,144.12,1000,1942.46,3,5,Low
CUS000204,Walter Cross,hmartinez@example.net,Basic,Cable,163.58,1000,933.05,1,14,Medium
CUS000205,Calvin Stone,christophermcknight@example.com,Premium,Cable,84.17,1000,310.08,5,12,Low
CUS000206,Jill Perez,nmclaughlin@example.net,Basic,Fiber,100.77,75,854.85,3,15,High
CUS000207,Anthony Lee,tsimmons@example.org,Enterprise,Cable,155.36,10,1415.03,5,9,Medium
CUS000208,Jessica Tucker,michaelsantos@example.org,Standard,Cable,93.99,10,1509.43,1,15,High
CUS000209,Jill Farley,hannah08@example.com,Premium,Cable,158.24,20,632.88,1,7,Medium
CUS000210,Dr. Christopher Burgess,joebrown@example.net,Business,DSL,110.49,200,1417.91,3,12,Medium
CUS000211,Stephanie Stewart,nsingh@example.com,Standard,Cable,174.38,500,1728.38,1,12,High
CUS000212,Joseph Marquez,zturner@example.net,Enterprise,Fiber,181.12,30,1438.15,2,15,High
CUS000213,Ryan Chen,clarkvincent@example.com,Standard,DSL,150.28,1000,1874.25,5,8,Medium
CUS000214,Karen Hansen,kpetersen@example.org,Enterprise,Cable,266.97,10,1283.54,1,4,Low
CUS000215,Leah Ramirez,phillipsjamie@example.com,Enterprise,Cable,285.5,1000,441.73,1,13,Medium
CUS000216,Dr. Elizabeth Wilkerson DVM,jimmy31@example.net,Business,DSL,125.6,200,1267.13,2,0,Medium
CUS000217,Madison Johnson,kimberly26@example.com,Standard,Cable,194.51,1000,616.63,5,9,Medium
CUS000218,Lawrence Brown,michelle34@example.org,Business,Fiber,124.73,75,723.32,4,14,High
CUS000219,Stephanie Sullivan,pittmangregory@example.org,Business,Fiber,52.79,15,1361.13,2,12,High
CUS000220,Courtney Huffman,torresyvonne@example.org,Standard,Cable,71.28,50,1963.6,2,10,Medium
CUS000221,Scott Larson,sandra03@example.com,Basic,Fiber,64.56,750,1317.67,5,1,High
CUS000222,Teresa Perkins,reginaldbarry@example.org,Basic,DSL,139.93,500,1918.74,2,3,High
CUS000223,Deanna Hayes,debracampos@example.org,Business,Cable,186.77,100,1032.59,5,11,Low
CUS000224,Adriana Reyes,chicks@example.org,Premium,DSL,174.0,200,1403.91,2,13,Low
CUS000225,Patrick Morris,porr@example.com,Business,Fiber,45.71,15,678.64,5,8,High
CUS000226,Christina Brady,elizabethlang@example.net,Business,Cable,153.17,50,275.04,5,10,High
CUS000227,Jimmy Evans,bwilliams@example.org,Business,DSL,62.37,50,736.86,4,8,High
CUS000228,Suzanne Thomas,hicksmelissa@example.net,Basic,Fiber,75.63,75,986.72,1,8,Low
CUS000229,Brandon Cross,jacob84@example.org,Basic,Cable,144.51,20,1162.74,5,3,High
CUS000230,Sara Ashley,karen51@example.net,Basic,Satellite,132.49,20,1350.96,3,8,Medium
CUS000231,Mercedes Collins,sandersthomas@example.org,Business,Fiber,178.51,750,864.08,4,12,Low
CUS000232,Heather Owens,samuel28@example.com,Premium,Fiber,61.98,150,1508.34,4,14,High
CUS000233,Nicholas Cunningham,aroberts@example.org,Basic,Satellite,159.48,1000,1690.71,1,7,High
CUS000234,Megan Townsend,theresadavis@example.com,Standard,Satellite,153.12,500,607.56,2,6,Medium
CUS000235,Julie Carr,drollins@example.net,Standard,DSL,124.99,100,1702.24,2,10,Medium
CUS000236,Kimberly Nelson,nnixon@example.net,Standard,Fiber,111.49,750,1626.19,5,5,High
CUS000237,Sheena Brown,hannahbell@example.org,Enterprise,Satellite,277.8,50,1069.32,4,10,High
CUS000238,Jeffrey Richardson,tyler54@example.org,Business,Cable,86.59,20,99.28,5,0,High
CUS000239,Heather Massey,adamsgeorge@example.org,Standard,Fiber,192.68,750,333.39,3,0,Medium
CUS000240,Robert Lowe,katherineconley@example.org,Business,DSL,32.6,200,1357.0,2,2,High
CUS000241,Tammy Miller,jsharp@example.org,Standard,Satellite,189.31,500,439.81,5,0,High
CUS000242,Kyle Little,sedwards@example.com,Premium,Fiber,193.54,300,1512.86,5,13,High
CUS000243,Lauren Vaughn,andrew32@example.org,Business,Fiber,49.93,1500,363.82,4,3,Low
CUS000244,Elizabeth Moran,hrodriguez@example.net,Standard,Satellite,199.92,50,608.9,3,3,High
CUS000245,Beverly Lynch,stephaniejones@example.com,Basic,Satellite,111.41,20,538.59,3,14,Low
CUS000246,Reginald Harris,shelley28@example.org,Business,Satellite,71.23,500,1686.79,5,11,Medium
CUS000247,Renee Mcgee,wattsjohnathan@example.com,Enterprise,Fiber,232.74,300,1396.66,3,7,Medium
CUS000248,Deborah Walker,smithchristian@example.org,Basic,Satellite,64.76,1000,625.52,3,9,Low
CUS000249,Tammy Skinner,randy69@example.com,Basic,Satellite,185.56,20,1519.51,4,8,Low
CUS000250,Christopher Davis,sarah32@example.com,Enterprise,Fiber,223.84,150,113.0,4,6,Low
CUS000251,Adam Moody,yreed@example.org,Basic,Fiber,161.83,75,1637.35,3,1,High
CUS000252,Scott Ingram,diane93@example.org,Basic,DSL,94.7,500,249.84,5,0,High
CUS000253,Ashley Johnson,cgalloway@example.com,Standard,Cable,120.71,500,1742.67,2,2,Medium
CUS000254,Charles Brown,deannawilson@example.org,Standard,Fiber,91.06,75,1492.01,5,1,Medium
CUS000255,John White,michelle47@example.net,Business,Cable,74.46,20,1736.44,5,6,Medium
CUS000256,Bruce Wilkins,thomascombs@example.com,Business,DSL,117.17,20,1497.7,2,3,Medium
CUS000257,Catherine Smith,jonathan58@example.com,Business,DSL,114.53,500,1144.48,4,3,Low
CUS000258,Samantha Anderson,ymichael@example.org,Standard,Satellite,46.75,10,513.31,5,2,High
CUS000259,Lisa Camacho,anthonyadams@example.com,Business,DSL,196.81,500,1579.4,3,4,Low
CUS000260,Mrs. Erin Miller,daymelanie@example.org,Basic,Satellite,109.8,200,1607.7,3,12,Medium
CUS000261,John Welch,frankreed@example.org,Standard,Satellite,172.74,100,610.9,4,5,Medium
CUS000262,Vickie Wilson,wilsonmichael@example.com,Business,Fiber,185.43,1500,1345.76,4,3,Medium
CUS000263,Mrs. Stephanie Perez,james99@example.com,Basic,Fiber,93.01,1500,1856.65,4,5,High
CUS000264,Jason Le,udiaz@example.com,Business,Cable,100.36,200,805.73,1,8,Low
CUS000265,Joshua Bolton,jacqueline36@example.net,Premium,Satellite,125.62,10,1915.57,1,9,Medium
CUS000266,Michelle Johnson,awells@example.com,Business,Satellite,67.61,20,1952.85,3,14,High
CUS000267,Joseph Smith Jr.,todd38@example.net,Premium,Cable,54.8,200,659.68,5,2,High
CUS000268,Kenneth Simmons,waremartin@example.net,Business,Satellite,74.32,50,1126.64,1,14,Low
CUS000269,Seth Mcgrath,valenciascott@example.com,Enterprise,DSL,288.9,1000,75.28,5,8,Medium
CUS000270,Patricia Glover,reyesdenise@example.org,Business,Satellite,128.44,200,540.12,2,13,Low
CUS000271,Maurice Andersen,pkline@example.com,Standard,Satellite,100.98,20,1260.1,3,10,Low
CUS000272,Angela Harper,seananderson@example.org,Standard,Satellite,55.9,500,1572.8,1,8,Low
CUS000273,Theresa Jimenez,wendywatson@example.com,Premium,Fiber,86.07,300,1746.73,3,5,Low
CUS000274,Valerie Kelley,gomezkatherine@example.net,Standard,DSL,94.56,10,1668.47,2,2,Low
CUS000275,James Meyer,gbrown@example.com,Basic,Satellite,171.66,100,1827.4,2,8,Low
CUS000276,Lisa Tyler,michaelrodriguez@example.com,Enterprise,DSL,214.87,20,1424.03,3,1,Medium
CUS000277,Candace Young,jamesdavis@example.net,Enterprise,DSL,241.27,50,1312.88,1,12,Medium
CUS000278,Phillip Lewis,victor31@example.com,Basic,DSL,146.41,500,1522.46,3,12,Medium
CUS000279,Robert Cook,morenolinda@example.org,Premium,Cable,73.74,10,1115.9,5,10,High
CUS000280,Charles Vaughn,tgilmore@example.org,Basic,Satellite,169.66,20,1226.6,5,1,Medium
CUS000281,Penny Lucas,darrell33@example.org,Basic,Fiber,194.3,75,1563.49,5,8,Medium
CUS000282,Grant Adams,leslienguyen@example.org,Enterprise,Fiber,239.08,75,1930.37,5,8,High
CUS000283,Alec Norris,martinezabigail@example.org,Business,Fiber,113.39,30,623.65,5,5,Low
CUS000284,Kenneth Decker,sparrish@example.com,Enterprise,Fiber,158.59,750,395.98,2,14,Low
CUS000285,Lauren Ortiz,ryanrandall@example.com,Enterprise,Satellite,265.14,10,1381.18,1,2,Low
CUS000286,Patricia Taylor,daniel98@example.org,Standard,Fiber,58.77,1500,414.6,1,15,Medium
CUS000287,Brett Bates,charlesreyes@example.com,Basic,DSL,152.44,500,388.9,4,6,Low
CUS000288,Destiny Dunn,boydmason@example.com,Enterprise,Cable,213.0,500,1052.0,3,12,Low
CUS000289,Maurice Christensen,vicki30@example.com,Basic,Fiber,185.86,750,785.54,2,5,Medium
CUS000290,Melissa Banks,matthew68@example.org,Standard,DSL,122.15,500,885.59,2,15,Medium
CUS000291,Erin Beltran,carolaustin@example.com,Basic,Fiber,139.1,75,1135.37,3,3,High
CUS000292,Haley Lindsey,sarah40@example.net,Enterprise,Satellite,139.97,100,303.63,3,4,High
CUS000293,Sara Ho,qlong@example.com,Basic,DSL,35.74,10,1188.77,5,13,Low
CUS000294,Veronica Griffin,uyoung@example.net,Standard,Satellite,173.93,50,547.28,2,6,High
CUS000295,Jocelyn Chapman,paula81@example.org,Business,Fiber,190.67,30,694.6,2,3,Low
CUS000296,Kristin Nash,matthewjones@example.org,Basic,DSL,143.59,20,1433.89,3,14,High
CUS000297,Jasmine Francis,john83@example.org,Enterprise,DSL,259.93,500,351.87,3,8,Medium
CUS000298,Peter Hoffman,pcarroll@example.org,Standard,DSL,100.1,10,349.72,1,3,Low
CUS000299,Patty Wall,garypacheco@example.net,Enterprise,Fiber,273.22,75,679.13,5,1,Low
CUS000300,Sarah Stanley,wreynolds@example.org,Enterprise,Cable,169.32999999999998,50,149.17,4,2,Low
CUS000301,Patty Oconnor,sandrarichardson@example.com,Basic,Cable,150.21,1000,1868.14,5,2,Medium
CUS000302,Danielle Smith,wrodriguez@example.net,Enterprise,Satellite,131.54,10,1250.44,2,8,High
CUS000303,Ryan Davis,smithheather@example.com,Basic,Cable,115.96,500,1340.69,1,14,Medium
CUS000304,William Ortiz,terryjared@example.com,Business,Fiber,93.43,15,1006.57,3,0,Low
CUS000305,Glenn Ellis,snydersabrina@example.com,Enterprise,DSL,235.02,10,1166.72,4,15,Medium
CUS000306,Amanda Fletcher,rossfelicia@example.com,Enterprise,DSL,243.34,100,748.27,2,4,Medium
CUS000307,Nicholas Weber,elizabeth37@example.org,Enterprise,Fiber,234.8,150,1578.86,4,0,High
CUS000308,Matthew King,jonesmichael@example.net,Premium,DSL,112.13,500,669.83,5,1,High
CUS000309,Daniel Phillips,acamacho@example.net,Premium,Cable,112.93,100,478.93,1,12,Low
CUS000310,John Weber,jmurray@example.org,Standard,Satellite,31.11,20,408.54,5,8,Medium
CUS000311,Timothy Parrish,johnfoster@example.com,Premium,Fiber,123.77,150,182.94,3,4,High
CUS000312,Karla Hardy,laurenrichards@example.com,Standard,DSL,32.0,100,1035.02,1,10,Low
CUS000313,Travis King,jacobsluis@example.org,Premium,Fiber,119.99,150,861.07,5,12,Low
CUS000314,Nicole Smith,montoyajohn@example.org,Business,Cable,76.7,50,1097.22,4,0,Low
CUS000315,Robert Thomas,michaelhall@example.com,Standard,DSL,196.16,200,229.29,1,15,High
CUS000316,Adam Coleman,amy93@example.net,Premium,DSL,32.9,100,481.34,1,15,High
CUS000317,William Rice,ralphmcdonald@example.org,Business,DSL,168.23,10,466.04,3,13,High
CUS000318,Charles Valdez,zthomas@example.com,Premium,DSL,144.58,1000,697.17,3,12,Low
CUS000319,Laura Allison,mcombs@example.org,Basic,Fiber,167.04,150,753.56,4,2,High
CUS000320,Holly King,jgilbert@example.com,Basic,Cable,184.65,1000,475.97,4,7,High
CUS000321,Tiffany Holmes,ricky82@example.net,Business,Cable,48.18,1000,1517.68,1,0,High
CUS000322,Antonio Robinson,lmays@example.net,Enterprise,Satellite,146.36,200,1084.47,2,12,High
CUS000323,Julie Wheeler,benjamin80@example.org,Enterprise,Fiber,155.3,750,1993.43,5,15,Medium
CUS000324,Isaiah Yang,kimberly31@example.org,Basic,Cable,62.62,1000,1656.19,1,3,Medium
CUS000325,Edward Pena,jessica53@example.com,Basic,Fiber,119.49,750,1963.21,4,11,Low
CUS000326,Melissa Gallegos,shelbymoore@example.net,Enterprise,Fiber,268.58000000000004,30,67.17,1,10,Low
CUS000327,Christopher King,umiller@example.net,Standard,Cable,75.44,20,1354.43,3,9,High
CUS000328,Taylor Bailey,yjefferson@example.com,Enterprise,Satellite,197.45999999999998,100,919.05,5,12,Low
CUS000329,Andrew Charles,pfrazier@example.net,Premium,Satellite,93.41,10,1813.77,1,1,Medium
CUS000330,Todd Johnson,ltodd@example.net,Standard,Satellite,99.01,1000,1246.72,3,2,Medium
CUS000331,Deborah Green,mshaffer@example.com,Premium,DSL,126.04,1000,1261.21,5,11,High
CUS000332,Edward Ryan,sharon05@example.com,Basic,Cable,198.33,10,1919.85,5,10,High
CUS000333,Mrs. Jennifer Herrera DVM,rosskathryn@example.org,Standard,DSL,68.39,50,1380.98,2,2,Medium
CUS000334,Donna Anthony,jessicapowers@example.org,Premium,DSL,146.28,10,675.83,3,14,High
CUS000335,Lauren Edwards MD,weeksrobert@example.net,Premium,DSL,174.13,50,1836.07,5,9,High
CUS000336,Brian Larson,kayleesmith@example.com,Standard,Fiber,141.13,75,1892.73,2,6,Low
CUS000337,Connie Lynn,garrettelizabeth@example.com,Business,Fiber,175.89,15,802.46,2,5,Medium
CUS000338,Kimberly Vazquez DVM,richardroberts@example.net,Enterprise,Cable,259.12,10,1103.46,1,1,Low
CUS000339,Ashley Stewart,martinezrichard@example.org,Premium,Cable,45.89,50,601.52,4,12,Low
CUS000340,Michelle Dennis,tammymolina@example.net,Enterprise,Fiber,194.45999999999998,30,1827.11,4,6,Low
CUS000341,Brandi Mason,patrickhoffman@example.com,Enterprise,Fiber,223.95,150,1653.11,5,9,Low
CUS000342,Ana Dunlap,lrollins@example.org,Basic,DSL,39.53,20,781.17,5,12,Low
CUS000343,Raymond Herring,dpitts@example.com,Enterprise,Satellite,131.6,500,1615.49,5,3,Medium
CUS000344,Michael Joyce,ariggs@example.net,Premium,Satellite,59.13,10,918.84,1,11,Medium
CUS000345,Sarah Vega,contrerasscott@example.org,Basic,Satellite,114.97,200,135.51,2,15,Medium
CUS000346,Juan Hall,charles69@example.org,Standard,Satellite,103.75,10,1801.65,4,2,Medium
CUS000347,Anthony Vaughn,jamesmeyer@example.com,Premium,Satellite,163.33,50,425.4,3,14,High
CUS000348,Patricia Turner,josefowler@example.net,Basic,DSL,126.19,200,1052.09,4,6,Low
CUS000349,Crystal Alexander,jonesmichelle@example.com,Basic,Cable,175.84,200,1899.01,2,4,Medium
CUS000350,Anthony Osborne,raymondjackson@example.com,Enterprise,Fiber,146.2,150,376.42,2,1,High
CUS000351,Stephanie Singleton,cookbrenda@example.com,Standard,DSL,119.78,500,1914.74,3,6,Medium
CUS000352,Erin Lane,zcampbell@example.com,Premium,Satellite,37.22,10,1099.05,1,0,High
CUS000353,Ashley Maynard,staylor@example.org,Premium,Fiber,65.93,150,64.29,4,7,Low
CUS000354,Shawn Gonzalez,allendeanna@example.net,Enterprise,DSL,277.57,500,177.67,5,15,Medium
CUS000355,James Ramos,ggreer@example.net,Standard,Satellite,180.87,20,1357.15,1,12,High
CUS000356,Suzanne Gallegos,hahnheidi@example.net,Premium,DSL,110.83,200,1558.49,5,2,Medium
CUS000357,Derrick Smith,samuel38@example.org,Standard,Fiber,37.91,150,1736.65,4,9,Medium
CUS000358,Andrew Hall,davidallen@example.net,Premium,Cable,42.63,20,877.21,3,15,High
CUS000359,Renee Anderson,jbates@example.com,Enterprise,Satellite,287.34000000000003,10,252.66,1,14,Low
CUS000360,Victor Khan,curtis25@example.net,Business,Fiber,182.87,15,1098.62,4,0,Medium
CUS000361,Keith Sharp,smccormick@example.net,Premium,Fiber,125.79,75,1420.35,5,1,Low
CUS000362,Jessica Wade,rebecca88@example.com,Basic,Cable,35.58,20,1953.64,4,10,Medium
CUS000363,Sandra Hughes,erin46@example.org,Basic,DSL,187.88,20,1561.65,2,1,Medium
CUS000364,Jonathan Baker,krose@example.net,Business,Cable,83.45,100,1310.79,2,10,High
CUS000365,Tracy Bennett,xzimmerman@example.org,Premium,Cable,193.44,500,1882.51,4,1,Medium
CUS000366,Kelly Kline,ofisher@example.net,Basic,DSL,129.79,200,1506.44,5,12,Medium
CUS000367,Lisa Williams,williejones@example.org,Basic,DSL,157.87,500,349.82,2,3,Low
CUS000368,Dawn Rodriguez,johnsondavid@example.org,Premium,DSL,151.15,500,945.49,4,6,High
CUS000369,Corey Sloan,sara39@example.org,Standard,Fiber,97.7,300,696.84,4,14,High
CUS000370,Brenda Levy,hmcclure@example.com,Premium,Fiber,43.07,75,220.67,5,4,Low
CUS000371,Dawn Ramos,cruzdominique@example.org,Standard,Satellite,57.61,500,155.82,2,7,High
CUS000372,Rebecca House,dwilliams@example.com,Business,Satellite,70.87,50,1598.72,5,2,High
CUS000373,Matthew Cortez,michellevang@example.org,Enterprise,Cable,271.88,50,1138.26,5,1,Low
CUS000374,Denise Owens,annweber@example.net,Business,Cable,96.15,20,1171.18,5,4,High
CUS000375,Elizabeth Delgado,hayesrebecca@example.net,Enterprise,Satellite,282.4,10,493.91,2,15,High
CUS000376,Debra Caldwell,mendezallen@example.net,Basic,Cable,86.38,10,554.36,2,0,Low
CUS000377,Robert Barker,martinguzman@example.com,Basic,DSL,158.44,100,806.66,1,15,Medium
CUS000378,Anthony Smith,michael48@example.net,Basic,Fiber,53.78,300,1278.92,3,1,High
CUS000379,Lydia Kennedy,nathandurham@example.net,Standard,Satellite,198.03,200,894.4,4,7,Medium
CUS000380,Dr. Jeff Haney,smitchell@example.net,Enterprise,Fiber,253.1,1500,82.94,3,4,Medium
CUS000381,Melissa Hale,kclark@example.com,Basic,Satellite,115.12,100,1362.93,5,0,High
CUS000382,Jason Rivers,coopermichael@example.org,Premium,Fiber,195.62,30,1092.93,1,5,High
CUS000383,Savannah Thomas,alexanderphelps@example.com,Enterprise,Satellite,139.12,10,1300.77,1,1,Medium
CUS000384,Janet Wright,jonathanmartin@example.com,Enterprise,Fiber,204.3,75,1255.78,4,9,High
CUS000385,Rebecca Johnston,grayangela@example.net,Standard,DSL,172.56,10,1524.12,4,3,Low
CUS000386,Misty Hayes,careyernest@example.org,Business,Satellite,87.89,100,1191.94,3,14,High
CUS000387,Danielle Lambert,obrienjoann@example.com,Standard,Satellite,160.72,10,1416.72,3,5,Low
CUS000388,Kristin Barton,lisa93@example.net,Basic,Satellite,192.32,50,191.55,2,2,Medium
CUS000389,Jacob Ortega,wmcdonald@example.com,Premium,DSL,97.43,1000,1859.69,3,3,Medium
CUS000390,Melanie Mullins,johnsoncourtney@example.net,Premium,Fiber,161.49,750,256.96,3,3,Low
CUS000391,Shaun Nelson,asutton@example.net,Basic,Satellite,35.03,500,1584.44,5,15,Medium
CUS000392,Casey Colon,tracy50@example.net,Premium,Fiber,76.46,300,637.63,1,7,Medium
CUS000393,Andrew Jordan,tiffanylambert@example.com,Standard,DSL,198.73,100,218.69,3,2,Medium
CUS000394,Charles Stewart,melissa33@example.org,Standard,Cable,113.39,20,1542.28,2,6,Low
CUS000395,Elizabeth Jones,melissa78@example.com,Basic,Satellite,90.48,10,903.47,3,13,Low
CUS000396,Edward Holder,davidrobinson@example.com,Premium,DSL,189.98,10,820.47,5,10,Medium
CUS000397,Luis Harris,josephlam@example.com,Enterprise,Fiber,203.4,30,1338.41,4,12,Low
CUS000398,Angela Thompson,marshallthomas@example.net,Business,Satellite,145.54,20,974.28,5,10,Low
CUS000399,Benjamin Wall,robert80@example.com,Enterprise,Fiber,242.3,750,1090.26,2,3,Medium
CUS000400,Johnny Campos,swalker@example.com,Standard,Cable,44.56,50,315.94,4,4,High
CUS000401,Robert Stokes,qjackson@example.net,Standard,Satellite,135.15,10,812.44,1,10,Medium
CUS000402,David Reynolds,kimberly27@example.org,Standard,Satellite,165.66,100,1605.09,2,6,High
CUS000403,Lauren Bauer,jefferysawyer@example.net,Standard,Fiber,151.22,1500,1114.16,2,1,Medium
CUS000404,Brian Harris,watsonmichael@example.org,Business,Satellite,43.94,10,1922.26,3,5,Low
CUS000405,Abigail Fletcher,jill57@example.com,Basic,DSL,56.21,50,330.95,2,10,Medium
CUS000406,Kristina Hanson,mackenzie80@example.net,Standard,DSL,150.98,1000,1370.71,1,2,Low
CUS000407,Allison Mendez,danielbailey@example.com,Premium,Cable,137.75,100,1832.63,1,3,Medium
CUS000408,Joseph Matthews,jennifer05@example.org,Business,DSL,155.73,100,1600.28,1,8,Medium
CUS000409,Bonnie Pierce,qpowell@example.org,Standard,Cable,83.83,100,1472.18,2,4,High
CUS000410,Emily Brown,ricerobert@example.com,Premium,Fiber,48.1,750,777.6,5,13,Medium
CUS000411,Stephanie Hale,taylorfrank@example.org,Standard,Fiber,30.87,75,1901.46,2,5,Medium
CUS000412,Kelly Evans,raymondevans@example.org,Basic,Cable,82.4,10,1129.37,3,11,High
CUS000413,Amanda Scott,mwilson@example.net,Business,DSL,91.18,500,1132.39,1,5,Medium
CUS000414,Eric Cole,tatkinson@example.com,Basic,DSL,75.85,200,290.31,3,14,Low
CUS000415,Elizabeth Wade,peter60@example.org,Business,Cable,52.52,100,59.81,1,7,Low
CUS000416,Justin Miller,davidkimberly@example.net,Standard,Cable,61.85,20,1213.48,3,1,High
CUS000417,Randall Gonzalez,rhondagilbert@example.org,Standard,Fiber,106.29,75,1097.45,4,4,Medium
CUS000418,Brittany Barron,ylee@example.net,Business,Cable,124.3,100,1896.61,4,3,High
CUS000419,Andrew Jones,hendricksandrew@example.org,Premium,DSL,99.36,50,644.15,1,12,Low
CUS000420,Riley Hernandez,daniel61@example.org,Premium,Cable,34.45,20,1509.18,3,5,Medium
CUS000421,Michael Goodman,suarezshane@example.net,Standard,Cable,90.16,100,1811.92,2,0,Medium
CUS000422,Joseph Lin,alan87@example.net,Standard,Cable,45.81,10,720.51,5,15,High
CUS000423,Eugene Hawkins,mark03@example.net,Basic,Fiber,131.66,75,854.68,2,2,High
CUS000424,Robert Patrick,kylehampton@example.net,Standard,Cable,85.14,100,1309.57,2,0,High
CUS000425,Katie Fletcher,cward@example.org,Business,Satellite,95.48,100,1049.48,5,0,High
CUS000426,Raymond Owens,hrobinson@example.org,Premium,Satellite,79.6,50,363.86,5,5,Medium
CUS000427,Alexandra White,albert11@example.net,Premium,Satellite,95.92,20,480.54,3,2,Medium
CUS000428,William Taylor,alisonmiller@example.net,Basic,DSL,44.39,1000,1677.76,5,9,High
CUS000429,Amber Ross,christianpeterson@example.net,Premium,DSL,183.18,50,428.94,4,13,Low
CUS000430,Paul Hall,owenskevin@example.com,Premium,Cable,183.88,200,403.65,5,15,Low
CUS000431,Dustin Simpson,byrdrobert@example.org,Enterprise,Satellite,296.28,10,1609.34,2,4,High
CUS000432,Karen Parker,awilliams@example.org,Business,Fiber,127.22,30,1711.89,1,6,High
CUS000433,Christine Romero,singhmichael@example.org,Enterprise,Satellite,158.82,1000,1710.21,4,4,Low
CUS000434,Mary Clark,lopezjacob@example.com,Premium,Satellite,94.71,500,1868.12,5,8,High
CUS000435,Erik Gutierrez,john56@example.net,Basic,DSL,53.59,500,1988.91,5,14,Medium
CUS000436,Jason Hunter,brendan01@example.org,Basic,DSL,81.18,10,949.47,1,13,High
CUS000437,Alexander Rivera,devin92@example.com,Premium,Fiber,113.82,15,1121.85,3,7,Low
CUS000438,Tammy Reyes,jenniferramirez@example.com,Standard,DSL,40.75,500,616.77,2,5,Low
CUS000439,Lisa Reed,justinstout@example.com,Enterprise,Fiber,203.88,75,181.36,1,1,Medium
CUS000440,Robin Johnson,robert67@example.org,Premium,DSL,101.58,1000,241.49,3,5,Low
CUS000441,Lori Diaz,sherrywhite@example.com,Basic,Satellite,112.31,200,1464.9,2,15,High
CUS000442,Richard Robles,bhill@example.org,Basic,Satellite,43.07,100,1000.02,5,2,Medium
CUS000443,Summer Oliver,gloverrichard@example.net,Enterprise,Fiber,172.78,1500,695.16,3,9,Medium
CUS000444,Michael Mccoy,lauriesmith@example.com,Business,Fiber,71.91,300,300.02,1,11,High
CUS000445,Jennifer Moss,william63@example.org,Premium,DSL,136.25,20,1328.17,4,13,Low
CUS000446,Elizabeth Johnson,shelley28@example.net,Premium,DSL,130.94,200,245.09,1,0,Low
CUS000447,Stephanie Thomas,austinschroeder@example.com,Business,Fiber,63.23,15,1258.06,1,7,Low
CUS000448,Michelle Martinez,triddle@example.com,Enterprise,Fiber,148.18,1500,1805.23,4,6,Low
CUS000449,Erik Roberts,ashleypatterson@example.net,Enterprise,Satellite,181.78,100,669.68,3,3,High
CUS000450,Gregory Conner,davidjackson@example.org,Basic,Satellite,191.29,1000,928.76,3,3,High
CUS000451,Jason Cobb,hallwendy@example.org,Business,Fiber,86.47,300,1251.87,1,11,High
CUS000452,Joshua Moon,epeters@example.org,Enterprise,Satellite,235.42,100,646.07,1,7,Low
CUS000453,Gerald Hurst,rchandler@example.org,Standard,Cable,166.68,200,1189.13,3,14,High
CUS000454,Lauren Paul,lisahenderson@example.net,Premium,DSL,86.01,500,1152.83,4,6,High
CUS000455,Richard Wilson,matthew48@example.org,Basic,Satellite,86.9,1000,760.76,2,8,Medium
CUS000456,Nathaniel Carr,kmorris@example.com,Business,Cable,168.62,100,666.85,4,1,Medium
CUS000457,Mrs. Bianca Edwards,vincentlopez@example.net,Basic,Fiber,176.11,300,885.2,5,6,Medium
CUS000458,Pamela Patton,gutierrezkelly@example.net,Enterprise,Satellite,295.61,20,59.42,1,3,Medium
CUS000459,Michael Pacheco,christine39@example.com,Enterprise,Fiber,153.13,150,530.04,3,4,High
CUS000460,Mindy Baker,deniseneal@example.net,Standard,DSL,84.5,50,481.98,4,15,Low
CUS000461,Gregory Peterson,duartejennifer@example.org,Premium,Fiber,191.03,15,1492.64,5,15,Medium
CUS000462,Joseph Moore,josephlee@example.org,Business,Cable,64.13,100,900.44,5,5,Low
CUS000463,Sarah Jensen,baileyerica@example.org,Basic,Fiber,83.4,1500,1688.21,1,5,High
CUS000464,Joel English,foleydaniel@example.com,Premium,Cable,193.97,500,311.9,2,1,High
CUS000465,Elizabeth White,barry64@example.com,Enterprise,Satellite,294.66999999999996,10,1479.3,2,1,Medium
CUS000466,Claire Short,efarrell@example.net,Premium,Satellite,79.54,200,1761.88,5,11,Medium
CUS000467,Antonio Wilson,ugonzalez@example.net,Basic,Cable,148.13,200,952.55,4,9,Low
CUS000468,Joshua Hernandez,wknox@example.com,Premium,DSL,113.46,200,749.55,5,6,Low
CUS000469,Angela Brown,rogersjose@example.net,Enterprise,DSL,227.89,1000,645.67,1,13,Medium
CUS000470,Dawn Baker,stacey88@example.com,Premium,DSL,71.2,200,1125.76,1,8,Medium
CUS000471,Melissa Jefferson,millskelsey@example.org,Business,Satellite,93.92,500,392.75,2,10,Low
CUS000472,Christopher Reese,khatfield@example.org,Premium,Satellite,168.79,200,1232.92,5,14,Medium
CUS000473,Michael Ferguson,aolson@example.com,Business,DSL,96.79,20,1691.5,3,1,Medium
CUS000474,Jennifer Williams,brentwood@example.net,Premium,Fiber,49.35,15,1724.49,3,3,High
CUS000475,Laura Gardner,benjamin19@example.com,Enterprise,DSL,225.84,1000,323.0,4,1,Low
CUS000476,Susan Sweeney,psimpson@example.net,Standard,Fiber,130.67,150,1100.31,4,5,Low
CUS000477,Diana Foster,enelson@example.org,Standard,DSL,122.75,20,563.31,2,5,Low
CUS000478,Corey Hernandez,woodchristina@example.org,Business,Fiber,145.88,30,1778.35,1,0,High
CUS000479,Kevin Barnes,stewartdavid@example.org,Business,Satellite,123.51,20,199.1,3,15,High
CUS000480,Joseph Collins,ngray@example.com,Standard,DSL,192.0,1000,197.03,3,3,High
CUS000481,Eric Patel,stephaniegomez@example.org,Enterprise,DSL,208.47,20,86.33,3,2,High
CUS000482,Joseph Hoffman,christinecervantes@example.net,Enterprise,Cable,250.41,20,1039.0,3,7,Low
CUS000483,Michelle Greene,william49@example.com,Premium,DSL,104.53,10,110.83,2,14,Low
CUS000484,Gerald Green,kimberlyproctor@example.net,Business,Fiber,79.52,150,1184.69,5,10,Medium
CUS000485,Diana Nguyen,brandon10@example.net,Enterprise,Cable,247.77,10,840.01,3,13,Low
CUS000486,Christopher Miller,dariusjohnson@example.org,Basic,DSL,169.21,500,1200.57,1,6,Medium
CUS000487,Eric Wood,antonio51@example.net,Premium,DSL,165.25,100,1817.29,3,10,High
CUS000488,Wendy Price,teaton@example.com,Premium,Satellite,99.54,20,1125.61,4,7,Low
CUS000489,Ashley Hansen,marilynbrown@example.com,Standard,Cable,114.87,1000,1109.77,1,3,Low
CUS000490,Julia Conrad,fullernathaniel@example.org,Business,Fiber,137.66,750,1997.52,5,10,Medium
CUS000491,Kimberly Rowe,davisjessica@example.com,Enterprise,DSL,171.13,20,970.6,3,7,High
CUS000492,Donna Vang,lorimccoy@example.net,Enterprise,Satellite,241.96,1000,1561.63,2,3,Medium
CUS000493,Chad Carroll,ypage@example.net,Premium,DSL,151.58,200,763.35,2,7,High
CUS000494,Mike Thompson,ithompson@example.net,Business,Cable,164.13,50,485.45,3,13,Medium
CUS000495,Michael Martinez,rossbrian@example.net,Business,Fiber,42.56,75,1555.68,4,6,Low
CUS000496,Vanessa Smith,blanchardanne@example.com,Business,Satellite,198.41,500,1479.79,2,12,Low
CUS000497,Misty Miller,moorepeggy@example.org,Standard,DSL,111.46,1000,617.45,1,7,Medium
CUS000498,Sheila King,jeremy68@example.org,Enterprise,Fiber,198.13,15,956.17,4,2,Low
CUS000499,Teresa Richards,timothyjones@example.org,Business,DSL,116.11,10,1045.3,5,15,High
CUS000500,Robert Lane,browningheidi@example.net,Standard,DSL,186.46,100,823.73,5,15,Low
CUS000501,Gary West Jr.,cindy41@example.com,Basic,Cable,147.58,200,1029.23,2,1,Low
CUS000502,Kristen Moore,stephanie83@example.net,Premium,Cable,122.41,100,1342.22,4,13,High
CUS000503,Crystal English,angelaclark@example.net,Enterprise,DSL,264.40999999999997,200,1703.56,2,4,High
CUS000504,Elizabeth Ramos,vhurley@example.com,Enterprise,Satellite,191.11,50,1622.75,5,6,Medium
CUS000505,Rebecca Nicholson,allenwarner@example.com,Premium,Cable,182.23,1000,1247.37,2,14,Medium
CUS000506,Daniel Ramirez,xriley@example.net,Basic,Cable,121.26,50,373.39,4,5,High
CUS000507,Adam Farmer,heatherwallace@example.com,Standard,Cable,138.48,200,1052.57,3,12,Medium
CUS000508,Russell Day,vlewis@example.net,Premium,Cable,44.44,100,920.13,5,11,Low
CUS000509,Elizabeth Williams,kimberly93@example.org,Standard,Fiber,160.71,1500,399.33,3,4,Low
CUS000510,Erica Lloyd,brittneybanks@example.net,Standard,DSL,141.78,10,1899.99,4,14,High
CUS000511,Lindsay Butler,mgallegos@example.net,Standard,Fiber,90.34,1500,1335.86,5,6,Low
CUS000512,Katie Stephenson,carpenterlisa@example.com,Basic,Fiber,139.98,750,1937.08,2,11,Low
CUS000513,Patrick Johnston,wrightdanielle@example.net,Basic,DSL,37.52,200,1485.04,2,8,Medium
CUS000514,Benjamin Tucker,matthewgarcia@example.net,Standard,Cable,197.2,200,992.83,2,6,Medium
CUS000515,Natalie Lucas,rosetimothy@example.net,Business,Satellite,145.16,200,749.65,5,10,High
CUS000516,Jonathan Patel,joshuapetty@example.org,Enterprise,Cable,197.93,1000,476.7,5,4,Medium
CUS000517,Brent Warren,holson@example.org,Basic,Cable,157.95,100,1000.9,2,1,Medium
CUS000518,Peter Morales,parkeroscar@example.net,Business,Cable,194.16,10,172.58,2,1,Low
CUS000519,Garrett Thompson,taylorwilliams@example.net,Business,Cable,103.17,100,770.4,3,8,Medium
CUS000520,Alejandro Cross,jeffrey97@example.net,Enterprise,Satellite,131.78,20,133.48,5,4,Low
CUS000521,Alexander Martinez,collin31@example.org,Standard,Fiber,73.98,30,453.21,2,3,High
CUS000522,Javier Wells,swarren@example.com,Business,Satellite,116.8,200,1820.07,4,14,Low
CUS000523,Dale Acosta,ryan83@example.com,Business,DSL,118.19,200,754.44,2,14,Medium
CUS000524,Ryan Jacobs,nicoleball@example.org,Business,Cable,128.68,200,965.86,5,13,High
CUS000525,Carmen Mckenzie,dgibson@example.net,Standard,Satellite,127.78,1000,936.55,2,5,High
CUS000526,James Burnett,shawnpayne@example.com,Standard,DSL,105.77,10,140.55,3,10,Low
CUS000527,Scott Campbell,eric16@example.net,Basic,Satellite,96.48,10,1962.15,1,7,Medium
CUS000528,Alexa Evans,jedwards@example.org,Basic,Cable,161.29,200,681.94,5,9,Low
CUS000529,Joshua Armstrong,thomas33@example.com,Business,Cable,130.05,1000,1422.29,5,5,Medium
CUS000530,Benjamin Reid,cookalicia@example.net,Standard,DSL,115.07,10,1066.68,1,5,Low
CUS000531,William Diaz,qmendez@example.com,Standard,Satellite,88.63,1000,1667.81,2,7,Low
CUS000532,David Thomas,amy59@example.com,Enterprise,Cable,134.17000000000002,50,1678.0,3,2,Medium
CUS000533,Sharon Wright,blankenshipraymond@example.com,Business,DSL,47.76,1000,563.47,2,13,Medium
CUS000534,Manuel Barker,ginahouse@example.com,Basic,Satellite,100.71,200,1111.48,1,15,Low
CUS000535,Nicholas Williamson,adrianpeterson@example.com,Enterprise,Satellite,293.48,50,389.01,3,6,High
CUS000536,Joseph Mccarthy,tiffanymendoza@example.net,Standard,DSL,49.72,100,1324.67,4,15,Medium
CUS000537,Jeff Villa,amann@example.org,Basic,Satellite,189.9,50,762.33,4,14,Low
CUS000538,Amanda Lynch,olsonalec@example.org,Business,Satellite,54.07,100,1324.01,3,8,Medium
CUS000539,Nathaniel Contreras,sherry38@example.com,Standard,Cable,83.01,500,1679.16,4,0,High
CUS000540,Frances Armstrong,ramseythomas@example.net,Business,Cable,107.4,100,1057.49,3,13,High
CUS000541,Melissa Allen,jennifer86@example.com,Enterprise,Cable,165.16,200,783.84,2,7,High
CUS000542,Lori Hendricks,ericarcher@example.com,Enterprise,DSL,212.09,200,1819.12,2,7,Medium
CUS000543,Kevin Jones,jonathanfuller@example.com,Enterprise,Fiber,210.94,150,1056.92,1,10,Low
CUS000544,Nancy Mckinney,nicholas50@example.net,Premium,Satellite,104.48,10,738.15,2,13,Low
CUS000545,Lindsay Miller,lukeglass@example.net,Business,DSL,148.44,20,1742.05,2,7,Medium
CUS000546,Charles Ross,djohnson@example.org,Enterprise,Fiber,184.2,75,999.38,1,4,Low
CUS000547,Pamela Sharp,philiprivera@example.org,Enterprise,Fiber,181.03,150,990.11,5,0,Medium
CUS000548,Douglas Williams,djackson@example.com,Business,DSL,167.72,20,1228.21,5,13,High
CUS000549,Amy Woodward,pmedina@example.net,Enterprise,Fiber,149.55,300,1028.58,3,1,Medium
CUS000550,Christine Miller,xwood@example.com,Business,Cable,174.35,200,320.99,5,1,High
CUS000551,Madison Mckay,ewilson@example.org,Standard,DSL,140.14,500,372.93,5,15,Low
CUS000552,Michael Beltran,markhenderson@example.net,Business,Satellite,145.1,500,200.32,5,1,High
CUS000553,Glen Sanders,brandymcconnell@example.com,Business,Cable,57.93,100,1304.78,2,13,Medium
CUS000554,Dillon Martin,jerry30@example.org,Premium,Satellite,197.25,10,462.46,5,12,High
CUS000555,Larry White,michael08@example.net,Standard,Fiber,71.46,150,414.47,2,15,Medium
CUS000556,Kylie Allison,pjones@example.net,Premium,Cable,59.65,50,756.33,2,3,High
CUS000557,William Mueller,heidi76@example.net,Enterprise,Satellite,157.21,500,1448.74,1,14,High
CUS000558,Anthony Miller,ehoward@example.net,Business,DSL,125.16,20,280.74,3,15,Medium
CUS000559,John Graham,tammy29@example.com,Standard,Fiber,192.93,15,499.18,1,7,Low
CUS000560,Dr. Eric Young Jr.,stephensmith@example.net,Premium,Satellite,69.41,500,1631.79,4,2,Low
CUS000561,Molly Joseph,jpearson@example.com,Business,Fiber,98.85,150,1454.5,2,0,High
CUS000562,Karen Copeland,jeffreyjones@example.net,Basic,Satellite,61.35,50,988.96,5,13,Low
CUS000563,Lori Johnston,kathleen06@example.com,Premium,DSL,138.87,50,983.69,5,6,Low
CUS000564,Christopher Brooks,dhernandez@example.com,Standard,Cable,103.45,10,460.87,4,4,Medium
CUS000565,James Morris,michaelbaker@example.com,Premium,Satellite,34.95,50,364.43,3,11,Low
CUS000566,Jamie Phillips,william69@example.org,Premium,Fiber,134.39,1500,1675.06,2,9,Medium
CUS000567,Brandon Cunningham,cannonsean@example.org,Premium,DSL,63.54,1000,93.77,4,7,Medium
CUS000568,Vincent Rodriguez,george40@example.net,Enterprise,Cable,230.66,50,134.13,4,2,High
CUS000569,Mr. Brandon Gray,craig51@example.com,Basic,Fiber,96.09,75,1168.3,4,0,High
CUS000570,Patrick Daniel,smorales@example.org,Standard,DSL,149.8,50,364.2,2,15,High
CUS000571,Sharon Werner,jacksonpam@example.org,Standard,Fiber,64.97,1500,1277.6,2,9,High
CUS000572,Jerome Kelly,chelsea23@example.com,Standard,DSL,157.89,100,126.42,2,5,High
CUS000573,Barbara Miller,johnfrost@example.com,Business,Cable,167.47,1000,1165.93,2,14,Low
CUS000574,Todd Anderson,jonunez@example.net,Standard,Cable,40.63,500,159.03,1,0,Low
CUS000575,Amy Garrett,sarah92@example.net,Standard,Fiber,47.29,750,553.61,4,14,Medium
CUS000576,Christopher Payne,baldwinmichael@example.org,Basic,DSL,178.23,10,401.07,1,14,High
CUS000577,Brittany Arnold,robertyates@example.org,Business,Satellite,61.77,1000,1918.56,3,4,High
CUS000578,Jamie Martinez,gfrost@example.com,Business,Cable,85.41,20,1218.75,4,12,Medium
CUS000579,Dustin Stewart,sbean@example.net,Premium,Satellite,107.77,20,1149.03,2,5,Medium
CUS000580,Carl Brown,pamelaweaver@example.com,Enterprise,Satellite,174.59,50,86.31,2,11,Medium
CUS000581,Keith Martinez,nuneznicholas@example.org,Business,Fiber,176.64,750,1453.12,2,14,High
CUS000582,Megan Williams,michaelkennedy@example.com,Business,Fiber,119.7,150,1340.4,1,0,Medium
CUS000583,Stephanie Stanley,adampatton@example.net,Basic,Fiber,138.64,1500,602.74,2,2,Low
CUS000584,Kenneth Watson,robertnewton@example.org,Standard,DSL,131.48,1000,217.21,4,12,High
CUS000585,William Allen PhD,mwatkins@example.org,Business,Cable,133.91,50,925.95,5,10,Low
CUS000586,Rita Gamble,longstephen@example.net,Business,Cable,129.78,50,1985.91,4,1,High
CUS000587,Mario Martinez,marksteele@example.org,Enterprise,Satellite,189.14,500,1741.24,3,9,Low
CUS000588,Kyle Kerr,whowell@example.net,Basic,Fiber,173.73,150,382.61,4,13,Medium
CUS000589,John Robinson,rmcdaniel@example.org,Enterprise,DSL,234.94,200,1669.21,2,8,Low
CUS000590,Megan Acosta,kaylamccormick@example.org,Business,Cable,168.33,500,1221.64,4,6,High
CUS000591,Jennifer Jordan,stevengalloway@example.org,Business,DSL,150.01,10,1599.5,4,2,Medium
CUS000592,Michelle Koch,carolbrown@example.net,Basic,Fiber,80.56,30,1649.88,1,10,Medium
CUS000593,David Landry,leslie89@example.net,Premium,Fiber,134.45,150,404.67,5,1,Medium
CUS000594,Michael Gonzalez,mklein@example.org,Premium,Cable,44.4,20,1336.32,4,11,Low
CUS000595,Connie Gonzalez,krystalwilson@example.org,Business,Satellite,52.76,1000,565.82,3,1,Low
CUS000596,Nancy Bryan,cpatel@example.net,Business,Satellite,50.03,100,1462.16,4,3,Medium
CUS000597,Christina Guzman,victorvalenzuela@example.org,Enterprise,Fiber,181.9,750,718.21,5,12,High
CUS000598,William Tucker,thompsonnatalie@example.net,Enterprise,Fiber,161.11,150,934.27,5,11,High
CUS000599,Yvette Mckenzie,bbates@example.org,Enterprise,Satellite,247.87,1000,1201.66,5,14,Medium
CUS000600,Carol Hernandez,eboone@example.net,Standard,Fiber,116.83,300,498.14,5,1,Low
CUS000601,Daniel Liu,masseyleonard@example.com,Business,Cable,101.09,1000,801.65,5,11,Medium
CUS000602,Charlene Dunlap,nathan11@example.com,Standard,Cable,53.43,50,261.71,1,11,Low
CUS000603,Daniel Wise,ashley23@example.com,Premium,DSL,95.22,1000,444.58,5,5,Medium
CUS000604,Kimberly Gray,rodriguezryan@example.net,Business,Satellite,61.57,10,1726.2,1,2,Low
CUS000605,Mary Allen,losborne@example.org,Business,Fiber,138.03,300,1033.5,4,6,Low
CUS000606,Diana Meyers,kvazquez@example.com,Basic,DSL,147.87,1000,868.6,4,4,Medium
CUS000607,Erin Greene DDS,jasminedavis@example.net,Business,Cable,139.68,20,341.64,1,10,Medium
CUS000608,Michael Hodge,douglasbush@example.net,Premium,Satellite,199.97,10,237.78,2,7,High
CUS000609,Kristin Villanueva,ahansen@example.org,Business,Cable,124.33,50,977.94,5,3,Medium
CUS000610,Mary Mitchell,rshea@example.com,Standard,Fiber,113.23,750,1248.76,5,15,Medium
CUS000611,Shannon Morrison,nthornton@example.com,Business,DSL,53.84,200,126.12,4,6,Medium
CUS000612,Mark Christian,melissa34@example.org,Standard,Fiber,83.47,150,1578.54,1,7,Medium
CUS000613,Robert Burnett DDS,gpowers@example.net,Enterprise,Fiber,206.66,30,1031.49,5,10,High
CUS000614,Loretta Brown,abrown@example.net,Enterprise,Satellite,139.1,1000,279.16,4,11,Medium
CUS000615,Alicia Lee,reaton@example.org,Basic,Satellite,91.03,1000,990.37,5,8,High
CUS000616,Alvin Boone,christophermoses@example.com,Business,Fiber,31.62,300,304.14,1,13,Medium
CUS000617,Diana Andrade,madeline50@example.org,Enterprise,Satellite,153.2,200,1226.78,2,8,Medium
CUS000618,Dawn Rosario,knoxkevin@example.org,Enterprise,DSL,268.58000000000004,10,1663.67,3,1,Low
CUS000619,Alex Smith,randy36@example.org,Basic,DSL,193.84,20,1799.09,4,2,Medium
CUS000620,David Harding,valenciajessica@example.com,Basic,Fiber,115.91,30,1561.0,4,11,High
CUS000621,Joanne Terry,steven78@example.com,Business,DSL,114.13,1000,1316.0,3,11,Medium
CUS000622,Lisa West,kburgess@example.org,Standard,Fiber,146.39,30,1067.99,3,14,Low
CUS000623,Cathy Sanders,mariacamacho@example.com,Business,DSL,100.65,1000,772.24,4,15,High
CUS000624,Terry Turner,lmurphy@example.com,Standard,Cable,172.77,10,134.7,2,3,High
CUS000625,Deborah Maxwell,joseph18@example.net,Basic,Fiber,113.07,30,1083.14,4,15,High
CUS000626,Nathan Davis,malonesara@example.net,Premium,DSL,44.04,10,497.5,3,9,Medium
CUS000627,Michael Mendoza,nielsendawn@example.com,Business,Cable,35.24,100,1614.49,5,14,Low
CUS000628,Kaitlyn Williams,norma70@example.net,Premium,Fiber,159.37,15,1589.63,1,11,Low
CUS000629,Kenneth Alvarez,mckinneydonald@example.com,Standard,DSL,79.65,50,793.41,5,2,Low
CUS000630,Jenna Johnson,smithrobin@example.com,Business,DSL,76.71,500,1198.64,2,6,Low
CUS000631,Gabriel Gonzalez,richardsonmichael@example.net,Premium,Cable,121.38,20,1495.72,4,14,Low
CUS000632,Heidi Welch,santiagoalbert@example.org,Premium,Satellite,58.59,50,1535.0,4,2,Low
CUS000633,Matthew Keith,jamesgrimes@example.net,Business,Satellite,107.73,50,1408.58,1,2,Low
CUS000634,Rita Montgomery,wyoung@example.net,Premium,Cable,156.22,1000,240.55,5,12,Medium
CUS000635,Christina Sullivan,ppacheco@example.org,Business,Cable,160.2,100,311.07,1,5,Medium
CUS000636,Jeffrey Erickson,balvarez@example.com,Premium,Fiber,123.44,300,980.43,2,9,Low
CUS000637,Mr. Eugene Hodges,jalvarez@example.com,Basic,Satellite,49.24,100,503.4,5,2,High
CUS000638,Virginia Short,johnnguyen@example.org,Business,Fiber,49.41,750,1725.15,5,3,Medium
CUS000639,Jonathan Rodriguez,lance09@example.net,Basic,DSL,161.76,10,602.37,2,5,Medium
CUS000640,Ann Porter,joshua52@example.net,Enterprise,Cable,269.95,500,1759.69,4,8,Low
CUS000641,Jamie Brown MD,jeremycarter@example.com,Basic,Fiber,92.36,15,846.86,4,3,Medium
CUS000642,Jody Dixon,bpitts@example.org,Premium,Cable,169.83,20,418.59,3,4,Low
CUS000643,Crystal Christensen,kathleen48@example.net,Standard,Fiber,37.06,75,1432.84,4,15,Medium
CUS000644,Brooke Garcia,sstevens@example.org,Basic,DSL,152.22,100,1589.37,1,4,Medium
CUS000645,Christopher Mendoza,creid@example.com,Basic,DSL,122.87,200,1177.07,2,6,High
CUS000646,Amanda Powers,jasonmorton@example.net,Basic,Satellite,198.25,100,279.77,4,0,High
CUS000647,Adrian Sullivan,lkennedy@example.net,Standard,Satellite,47.4,20,64.03,5,9,Medium
CUS000648,Daniel Salazar,samuel99@example.org,Standard,DSL,171.1,1000,1326.36,2,13,Medium
CUS000649,Thomas Watson,velezcatherine@example.org,Basic,Fiber,157.72,150,1391.15,4,4,Medium
CUS000650,Jonathan Owen,turnerjohn@example.com,Enterprise,Cable,180.6,200,666.01,1,15,Low
CUS000651,Richard Gibson,campbellanthony@example.com,Standard,DSL,199.87,200,756.43,3,11,High
CUS000652,Timothy Frank,obrienelizabeth@example.net,Standard,DSL,106.44,50,351.82,3,13,Low
CUS000653,Tracey Watson,justin59@example.com,Standard,Fiber,89.25,75,1320.57,2,14,Low
CUS000654,Bobby Martin,michellecruz@example.org,Business,DSL,168.83,20,544.58,1,0,Medium
CUS000655,Emily Miles,zschultz@example.org,Basic,DSL,104.63,1000,1717.21,1,9,Low
CUS000656,Melissa Henry,stonesarah@example.net,Enterprise,Fiber,298.96000000000004,75,875.95,1,6,Low
CUS000657,Shawn Bauer,elizabeth25@example.net,Standard,DSL,161.85,500,763.01,4,2,Medium
CUS000658,Angelica Thompson,hlewis@example.org,Business,Satellite,70.27,1000,587.34,3,0,Low
CUS000659,Philip Winters,castrolisa@example.net,Premium,Satellite,167.81,500,1377.18,1,7,Low
CUS000660,Kathy Perez,xhill@example.net,Premium,Satellite,129.94,10,1522.2,5,10,High
CUS000661,David Peck,russellkelly@example.net,Standard,Satellite,89.6,50,855.79,4,13,High
CUS000662,Natalie Barton,stephanie57@example.net,Enterprise,DSL,250.82,10,1578.39,5,10,Medium
CUS000663,Kimberly Thomas,jessica14@example.com,Enterprise,Cable,237.56,100,990.81,5,10,High
CUS000664,Christopher Mercado,qlam@example.net,Basic,Satellite,58.21,10,771.92,2,15,High
CUS000665,Kimberly Klein,dliu@example.net,Standard,Satellite,53.66,20,1132.08,4,14,High
CUS000666,Ashley Cortez,patriciawatson@example.com,Premium,DSL,65.12,1000,544.87,5,14,Low
CUS000667,Raymond Kelley,bradley87@example.net,Basic,DSL,65.17,200,647.97,4,9,High
CUS000668,Vanessa Meyer DDS,richardmason@example.net,Enterprise,Fiber,140.07999999999998,1500,721.49,1,4,Low
CUS000669,Gregory Robertson,yball@example.org,Basic,Satellite,89.63,20,1425.71,2,9,High
CUS000670,Mikayla Lawrence,joel00@example.org,Premium,Fiber,77.77,1500,1484.78,3,5,High
CUS000671,Jennifer Walls,ronald37@example.org,Enterprise,Satellite,221.57999999999998,20,1717.25,5,8,Low
CUS000672,Cynthia Lindsey,dpittman@example.net,Business,Cable,85.01,500,1335.6,2,7,Medium
CUS000673,Laura Edwards,floresjames@example.org,Business,DSL,149.68,20,1508.24,2,15,Low
CUS000674,Jessica Cardenas,jacqueline96@example.com,Standard,DSL,79.18,500,920.86,2,11,Low
CUS000675,Jennifer Fox,ethan95@example.org,Basic,Fiber,75.44,30,1413.66,2,9,Medium
CUS000676,John Fry,tonyaflores@example.com,Enterprise,Fiber,275.85,75,365.5,1,1,High
CUS000677,Patricia Mitchell,jfisher@example.com,Standard,DSL,197.52,500,468.19,4,4,Low
CUS000678,Gina Ritter,wlee@example.org,Basic,DSL,145.47,100,831.09,3,11,Medium
CUS000679,Amy Berry,eduardo68@example.org,Premium,DSL,46.18,200,709.95,3,9,Low
CUS000680,Theresa Roberts,michael27@example.net,Enterprise,Satellite,293.65999999999997,10,1123.62,4,14,Medium
CUS000681,Richard Gutierrez,matthew83@example.org,Basic,Satellite,163.56,1000,1409.26,3,5,High
CUS000682,Stacey Mitchell,joseph23@example.org,Enterprise,Cable,286.18,1000,1428.24,2,5,High
CUS000683,Donna Brown,slee@example.org,Basic,Satellite,198.71,1000,363.44,1,9,Low
CUS000684,Alicia Smith,megan98@example.com,Premium,DSL,177.39,500,1930.91,2,5,Medium
CUS000685,Brian Weiss,barnesjohn@example.com,Enterprise,Satellite,151.56,10,60.32,2,5,Medium
CUS000686,Karla Mccann,vincentvalenzuela@example.com,Business,Fiber,177.22,150,227.62,1,4,High
CUS000687,Nicole Johnson,qjohnson@example.net,Premium,DSL,72.44,20,333.39,5,5,Low
CUS000688,Tyler Mitchell,gsoto@example.com,Basic,Satellite,150.93,500,1855.43,3,7,Medium
CUS000689,Caroline Morris,harveymichael@example.net,Enterprise,DSL,270.83000000000004,20,898.99,1,3,Low
CUS000690,David Barron,nsanders@example.net,Premium,Fiber,159.44,300,174.96,4,1,Low
CUS000691,Rebecca Alvarez,shannonmay@example.com,Basic,Fiber,144.95,1500,482.45,4,10,Low
CUS000692,Erin Mason,jason74@example.net,Business,Satellite,113.2,10,206.08,4,4,Medium
CUS000693,Jonathan Stokes,carrie79@example.net,Business,DSL,128.15,20,123.62,5,14,High
CUS000694,Laura Rodriguez,thomas78@example.org,Basic,Cable,75.67,50,799.44,1,8,High
CUS000695,Mary Hoover,reginaldcasey@example.org,Business,Fiber,100.41,300,1969.67,5,11,Medium
CUS000696,Isaiah Taylor,handerson@example.com,Premium,Cable,106.83,1000,1247.23,4,5,Medium
CUS000697,Tina Peterson,ethomas@example.com,Business,Satellite,137.71,50,1065.96,2,6,High
CUS000698,Dr. Ashley Martinez MD,campbellashley@example.org,Standard,Fiber,179.61,750,1437.63,2,1,Medium
CUS000699,David Murphy,matthew12@example.net,Business,Cable,45.82,500,1215.07,5,10,High
CUS000700,Barbara Wiley,krystal74@example.org,Standard,Fiber,117.64,750,1894.15,4,11,High
CUS000701,Paul Butler,fischerpaul@example.org,Enterprise,Cable,177.29000000000002,50,1649.45,4,4,Low
CUS000702,Joanna Williams,matthewphelps@example.org,Premium,DSL,189.17,100,1298.57,4,11,Medium
CUS000703,Kathryn Montoya,stephanie69@example.net,Enterprise,DSL,192.73000000000002,100,906.0,4,14,Low
CUS000704,Blake Simpson,rittersandra@example.com,Enterprise,Satellite,291.53,1000,443.33,1,5,High
CUS000705,Matthew Brown,rosaleswalter@example.org,Business,Fiber,85.63,75,1330.92,5,9,High
CUS000706,Amy Ortega,brittany34@example.com,Business,Cable,30.41,100,1617.62,5,3,Medium
CUS000707,Samantha Smith,frank94@example.net,Business,Satellite,161.59,50,607.71,1,0,Medium
CUS000708,James Campbell,dylan49@example.net,Enterprise,DSL,254.55,20,115.54,2,12,High
CUS000709,Mark Oconnor,brownangela@example.org,Premium,DSL,154.25,100,1219.05,5,15,High
CUS000710,Brad Mcclain,oliveranthony@example.com,Premium,Satellite,107.93,50,1055.84,3,4,High
CUS000711,Larry Green,bthomas@example.org,Standard,Fiber,142.89,750,501.76,5,14,Low
CUS000712,Richard Smith,lisalang@example.net,Basic,Cable,90.89,200,380.49,5,10,Low
CUS000713,Brian Stanley,jfields@example.com,Premium,DSL,40.76,1000,120.32,2,4,Low
CUS000714,Mr. Matthew Cummings DDS,thompsonjacob@example.net,Business,Satellite,120.84,200,516.55,1,0,High
CUS000715,Ronnie Burch,amandawalsh@example.org,Standard,DSL,67.02,100,50.56,2,10,Medium
CUS000716,Renee Hall,allensusan@example.org,Business,DSL,103.03,200,357.02,2,9,Medium
CUS000717,Stephen Bender,fford@example.net,Enterprise,Cable,166.0,10,1993.79,1,15,Low
CUS000718,David Sanders,ejones@example.net,Enterprise,Fiber,175.64,15,1570.36,3,9,High
CUS000719,Karen Morales,pjones@example.com,Business,Fiber,170.81,300,738.6,1,4,Low
CUS000720,Michael Davies,vincentmark@example.net,Premium,Cable,87.41,500,820.53,2,14,High
CUS000721,Mary Hoffman,annettejones@example.com,Basic,Satellite,128.24,1000,1192.86,1,10,High
CUS000722,Bonnie Guerrero,donald76@example.net,Business,Satellite,126.23,1000,1059.6,5,3,Medium
CUS000723,David Medina,yolson@example.net,Premium,Fiber,112.5,75,1487.0,5,15,Low
CUS000724,Thomas Coleman,sonya26@example.com,Standard,DSL,88.43,200,183.8,3,1,Medium
CUS000725,Christopher Lewis,christina36@example.com,Business,DSL,146.02,500,225.82,3,4,Medium
CUS000726,Kelsey Richard,james15@example.net,Standard,Satellite,38.22,200,604.76,1,3,Low
CUS000727,Michael Smith,christianjeremy@example.org,Premium,Cable,46.92,200,1668.04,1,9,Low
CUS000728,Billy Obrien,serranoleslie@example.net,Premium,DSL,163.25,50,1834.27,1,0,Medium
CUS000729,Mary Anderson,leonardleonard@example.net,Premium,Satellite,108.12,50,728.79,4,12,Low
CUS000730,Anthony Murphy,daughertyedwin@example.org,Premium,Cable,51.11,500,1928.41,2,7,Low
CUS000731,Brandon Allen,tarahodge@example.org,Enterprise,Fiber,275.78999999999996,15,589.19,2,14,Low
CUS000732,Jessica Reed,emccoy@example.org,Premium,Cable,105.01,100,1232.41,3,11,Low
CUS000733,Kimberly Flores,kenneth14@example.com,Enterprise,Fiber,130.1,15,429.32,5,2,Medium
CUS000734,Michael Brown,stephengraham@example.com,Basic,Satellite,192.86,50,1862.94,5,10,Medium
CUS000735,Tristan Turner,garnold@example.com,Enterprise,Cable,164.38,50,1171.07,5,1,Medium
CUS000736,Sandra Andrade,davidclark@example.org,Standard,Satellite,147.05,500,559.16,5,6,High
CUS000737,Richard Edwards,murrayclayton@example.org,Basic,Fiber,52.42,75,843.91,2,7,High
CUS000738,Kiara Jefferson,kennethlong@example.com,Standard,DSL,140.49,1000,257.61,4,8,Low
CUS000739,Jordan White,sbarber@example.org,Business,DSL,57.02,50,191.15,5,6,Low
CUS000740,Daniel Mejia,adam81@example.org,Business,Fiber,188.55,75,623.79,3,0,Medium
CUS000741,Leroy Robles,dyoung@example.org,Enterprise,DSL,176.57,500,1896.68,1,2,Medium
CUS000742,Amanda Alvarez,caldwellcurtis@example.net,Standard,DSL,141.27,500,1615.74,1,14,Medium
CUS000743,Heather Ramirez,tracy59@example.com,Business,Cable,72.56,500,1915.58,3,2,High
CUS000744,Christina Wright,jennifershepherd@example.org,Business,Cable,93.2,50,1758.42,3,12,Medium
CUS000745,Timothy Scott,ghall@example.net,Business,DSL,183.64,20,1635.64,3,6,High
CUS000746,Anthony Thompson,taylorhuang@example.org,Basic,Cable,58.13,20,1171.04,4,15,High
CUS000747,Kara Berger,jacksoneric@example.net,Basic,Fiber,97.37,300,1403.67,1,10,Low
CUS000748,Chad Ramirez,sullivanelizabeth@example.com,Premium,Cable,81.93,1000,1933.81,4,1,Medium
CUS000749,Kevin Brown,marymontgomery@example.com,Standard,Cable,148.9,20,1148.18,5,11,High
CUS000750,Debbie Wall,mary51@example.org,Business,Cable,69.79,10,1551.44,1,12,Low
CUS000751,April Jones,ppadilla@example.com,Standard,Satellite,141.42,1000,1527.07,3,4,Medium
CUS000752,Erik Reynolds,boydjames@example.org,Premium,Fiber,149.62,1500,1924.42,4,13,High
CUS000753,Kayla Jarvis,zfoster@example.net,Enterprise,DSL,130.17000000000002,1000,944.75,2,11,Low
CUS000754,Lauren Mercer,nicholasgutierrez@example.org,Premium,DSL,111.05,1000,948.4,1,12,Medium
CUS000755,Chelsey Conner,donna60@example.org,Business,Satellite,52.55,200,1194.31,3,11,Medium
CUS000756,Adrienne Taylor,amy77@example.net,Enterprise,Cable,168.44,100,103.33,3,0,Medium
CUS000757,Catherine Guerra,hruiz@example.net,Enterprise,Fiber,245.59,750,276.72,5,9,Medium
CUS000758,Diana Mahoney,fbenjamin@example.com,Premium,Fiber,31.57,75,181.73,4,11,Medium
CUS000759,Lisa Thomas,myersdavid@example.net,Business,DSL,148.24,500,1285.64,5,11,High
CUS000760,Kelsey Cardenas,hlopez@example.org,Enterprise,Satellite,268.9,20,1988.69,2,9,High
CUS000761,Jacob Crawford,mark70@example.net,Premium,Satellite,197.98,500,1369.98,2,14,Medium
CUS000762,Joyce Smith,scott36@example.com,Premium,Satellite,101.78,10,498.36,5,2,Low
CUS000763,Paige Murphy,yromero@example.com,Business,Satellite,52.46,500,665.67,1,6,Medium
CUS000764,Kristin Wright,tracyjohnson@example.com,Premium,Fiber,42.03,150,1913.12,1,14,Medium
CUS000765,Misty Hahn,matthewsimmons@example.org,Premium,Cable,95.11,50,1057.18,5,13,High
CUS000766,Randy Chen,ambersanders@example.net,Premium,DSL,154.22,50,68.96,5,14,Low
CUS000767,Justin Adams,dlee@example.com,Standard,Fiber,47.4,150,1672.75,1,9,Medium
CUS000768,Katrina Larson,davenportmegan@example.net,Basic,Satellite,83.26,100,534.1,4,5,High
CUS000769,Mary Davis,smithcaitlin@example.net,Standard,Satellite,179.76,100,231.37,5,13,Medium
CUS000770,Jason Ryan,justinjones@example.org,Premium,DSL,53.3,500,1363.71,3,13,Low
CUS000771,Teresa Kline,todd22@example.com,Basic,Cable,161.48,10,1651.1,4,4,Low
CUS000772,Darren Kim,paulryan@example.net,Enterprise,Cable,258.03,200,198.26,5,2,High
CUS000773,Stanley Freeman,gonzalezmichael@example.net,Standard,Cable,52.62,500,1866.22,3,4,Medium
CUS000774,Cindy Rubio,combsjustin@example.net,Standard,Satellite,198.79,200,979.28,3,6,Medium
CUS000775,Scott Harris,rebeccaestrada@example.net,Standard,Fiber,54.28,1500,739.4,5,9,High
CUS000776,Norma Roy,scotthudson@example.net,Business,Fiber,120.18,30,1793.92,5,15,Low
CUS000777,Carrie Mills,jessicaholmes@example.net,Premium,Cable,31.43,50,574.7,5,10,High
CUS000778,Mary Abbott,wyoung@example.net,Enterprise,DSL,240.49,500,1896.88,3,2,High
CUS000779,Jonathan Pugh,ccruz@example.net,Enterprise,Cable,204.81,500,1382.06,2,12,High
CUS000780,Elizabeth Gill,robertturner@example.net,Enterprise,Cable,252.8,20,1824.36,5,2,Low
CUS000781,Kathy Rogers,mariaanderson@example.org,Premium,DSL,136.76,500,1023.05,5,0,Medium
CUS000782,Adam James,michelleedwards@example.com,Basic,Cable,55.72,200,439.35,4,13,High
CUS000783,Elizabeth Clark,sknight@example.net,Standard,DSL,99.98,500,1484.09,5,8,High
CUS000784,Frank Evans,guy48@example.net,Premium,DSL,146.71,1000,1751.85,4,13,High
CUS000785,Eric Sullivan,sierraesparza@example.org,Standard,Fiber,176.18,150,453.22,4,5,High
CUS000786,Stephen Aguilar,staceybarnes@example.net,Premium,DSL,44.73,500,445.39,2,14,Low
CUS000787,Jason Hernandez,greenepaul@example.com,Standard,Cable,47.07,50,536.91,5,4,Medium
CUS000788,Alicia Tran DDS,joy52@example.com,Premium,DSL,157.91,200,1256.26,2,6,Medium
CUS000789,Veronica Jones,dprince@example.com,Basic,Cable,130.22,50,354.19,3,5,Medium
CUS000790,Ashley Mendoza,whitemichael@example.com,Enterprise,DSL,195.28,1000,258.04,2,12,Low
CUS000791,Kathleen Dominguez,ericcoleman@example.com,Standard,Fiber,193.74,30,1844.37,1,9,Medium
CUS000792,David Brown,jeffreyreeves@example.com,Premium,Cable,83.46,1000,1367.83,1,15,Medium
CUS000793,Jeffrey Welch,bhernandez@example.net,Basic,Cable,53.76,500,1343.68,1,1,Low
CUS000794,Richard Williams,ismith@example.net,Basic,Cable,77.07,200,1246.96,4,9,Low
CUS000795,Gail Beck,aturner@example.com,Enterprise,DSL,144.31,20,1540.28,1,9,High
CUS000796,Jessica Cantrell,lisa55@example.net,Premium,Fiber,124.07,75,1105.87,2,15,Medium
CUS000797,Denise Johnson,bettybrown@example.net,Standard,Fiber,131.99,15,132.41,5,14,Low
CUS000798,Vanessa Blackwell,youngmonica@example.net,Business,Fiber,133.28,150,990.47,4,7,High
CUS000799,Nicholas Barrett,hwalsh@example.net,Basic,Fiber,162.41,30,1260.3,4,0,Medium
CUS000800,Bryan Collins,jasmine05@example.org,Basic,DSL,147.37,500,1010.06,1,0,Medium
CUS000801,Christina Burke,laura41@example.net,Enterprise,Cable,274.13,50,1971.45,3,4,High
CUS000802,Jaime Hart,wilsonanne@example.org,Premium,Satellite,141.92,500,1799.15,3,8,Low
CUS000803,Devin Santos,kimberly07@example.org,Business,Fiber,81.27,1500,1744.1,5,9,High
CUS000804,Susan Lindsey,cmiller@example.net,Business,Satellite,118.01,200,1007.07,2,15,Low
CUS000805,Calvin Mathis,kwatts@example.org,Business,DSL,116.61,1000,1969.57,1,3,Low
CUS000806,Jennifer Green,sarasmith@example.com,Premium,DSL,157.12,20,1836.21,2,9,High
CUS000807,Victor Larson,richardmcgee@example.org,Standard,Satellite,80.23,500,596.52,3,13,Low
CUS000808,Megan Foster,reevesmichelle@example.org,Basic,Cable,39.27,50,483.08,3,5,High
CUS000809,Wendy Rodriguez,huntmichelle@example.com,Premium,Satellite,182.64,500,1174.5,1,15,Medium
CUS000810,Jessica Kelley,thomas01@example.org,Business,DSL,192.28,10,155.59,3,7,Medium
CUS000811,Timothy Lee,davisbarbara@example.net,Basic,Satellite,114.12,20,1608.58,3,0,Low
CUS000812,Crystal Peters,iwilliamson@example.net,Basic,Fiber,49.16,75,982.72,5,3,Medium
CUS000813,Alan Hess,smartin@example.net,Business,Fiber,114.92,30,1104.5,5,8,High
CUS000814,Olivia Austin,nmartinez@example.com,Business,Cable,130.96,500,1029.83,3,15,High
CUS000815,Christopher Sanchez,hjohnson@example.net,Basic,Satellite,119.8,1000,817.75,1,2,High
CUS000816,William Smith,thompsondwayne@example.org,Enterprise,Satellite,296.2,50,1388.36,1,11,Medium
CUS000817,Maria Norman,montgomerykevin@example.org,Basic,Satellite,197.76,100,390.86,3,15,Medium
CUS000818,Austin Johnson,jasonramirez@example.com,Standard,Satellite,188.76,1000,1954.19,3,13,Medium
CUS000819,Amy Gallagher,jeffrey20@example.com,Standard,Cable,52.43,50,1411.58,4,8,High
CUS000820,John Boyd,fostergeorge@example.com,Enterprise,DSL,276.33000000000004,50,947.14,5,15,Low
CUS000821,Laura Browning,lindsey04@example.org,Premium,Cable,126.61,50,1393.96,5,3,High
CUS000822,David Sullivan,stevetaylor@example.com,Basic,DSL,92.11,200,73.05,1,11,Low
CUS000823,Wayne Zimmerman,hhoward@example.net,Standard,DSL,146.09,50,460.97,2,0,Low
CUS000824,Amanda Brown,millswilliam@example.com,Basic,DSL,159.65,100,1182.97,2,8,High
CUS000825,Samantha Harris,amyrodriguez@example.org,Enterprise,Satellite,292.25,1000,684.6,3,5,High
CUS000826,Sharon Arnold,brittany69@example.net,Business,Cable,160.95,10,1244.92,3,1,Medium
CUS000827,Mason Parker,michaelgarcia@example.net,Enterprise,DSL,132.82999999999998,100,556.42,4,4,Low
CUS000828,Yvonne Kim,llogan@example.com,Enterprise,Fiber,141.47,15,1119.7,4,10,Low
CUS000829,Carlos Green,bwatson@example.org,Enterprise,DSL,174.56,1000,512.42,1,14,Medium
CUS000830,Timothy Lee,williamssteven@example.org,Standard,Cable,36.76,500,969.12,2,4,Low
CUS000831,Brian Gordon,heather06@example.org,Enterprise,Satellite,140.27,200,1245.51,4,11,Low
CUS000832,Joshua Leblanc,carlsonkristina@example.net,Business,Fiber,164.17,300,763.55,2,5,Medium
CUS000833,Cynthia Farmer,sandra01@example.com,Business,DSL,116.11,200,1022.6,4,1,High
CUS000834,Edward Ortiz,dmcguire@example.com,Business,Satellite,136.85,10,460.54,5,8,Medium
CUS000835,Ryan Williamson,kimberlywiley@example.com,Premium,Cable,115.17,100,1416.39,3,11,Medium
CUS000836,Deborah Davenport,annalee@example.org,Enterprise,Cable,200.61,20,776.0,4,13,High
CUS000837,David Lopez,colleengreene@example.com,Business,Fiber,149.3,300,1715.94,4,11,High
CUS000838,Steven West,alan10@example.net,Premium,Fiber,44.0,15,595.28,1,1,Medium
CUS000839,Meghan Leonard,justingray@example.org,Enterprise,DSL,221.20999999999998,1000,400.78,5,9,High
CUS000840,Marissa Elliott,thomasfelicia@example.com,Enterprise,Satellite,234.72,500,305.72,3,9,Medium
CUS000841,Richard Smith,deborah44@example.net,Basic,Satellite,77.16,100,1172.99,5,2,High
CUS000842,Matthew Hester,gritter@example.org,Enterprise,Cable,182.67000000000002,200,495.71,3,6,Medium
CUS000843,Paul Norman,bridgetcrawford@example.com,Basic,Cable,116.91,50,244.75,5,5,Medium
CUS000844,Meghan Brewer,kmichael@example.org,Standard,DSL,64.53,100,576.4,5,3,Low
CUS000845,Patricia Perez,nicoleharris@example.net,Standard,DSL,167.36,10,509.82,1,5,Low
CUS000846,Wyatt Lee,isaac41@example.com,Premium,Cable,121.18,1000,892.83,2,10,Low
CUS000847,Luke Moore,alan48@example.org,Basic,Cable,96.41,1000,792.72,5,10,Low
CUS000848,Amber Herman,christymanning@example.com,Standard,Satellite,137.82,20,334.4,3,9,High
CUS000849,Meghan Patel,fowlerjoseph@example.com,Standard,Satellite,171.86,20,1920.34,3,8,High
CUS000850,Mitchell Kelly,greentyler@example.net,Standard,Satellite,145.77,20,341.62,1,11,Medium
CUS000851,Todd Ward,egray@example.net,Enterprise,DSL,141.23,50,1621.05,2,3,High
CUS000852,Rachel Quinn,mestrada@example.com,Basic,Satellite,148.76,100,394.38,3,11,Low
CUS000853,Anthony Guzman,pattersonangela@example.com,Standard,Fiber,154.08,300,1024.22,1,4,Medium
CUS000854,Victor Wilson,david52@example.com,Basic,Fiber,173.89,150,1991.35,3,0,High
CUS000855,Mrs. Diana Butler,sweeneycharles@example.org,Business,Satellite,39.83,20,1706.31,4,4,Low
CUS000856,Joseph Pierce,robert00@example.net,Business,Satellite,44.65,50,1058.16,5,9,Low
CUS000857,Nicole Conner,newmandavid@example.com,Enterprise,Cable,203.85,1000,1455.09,2,11,Medium
CUS000858,Jason Scott,kimberly94@example.com,Business,Cable,107.06,500,1581.4,5,15,Low
CUS000859,Jeffrey Johnson,rpaul@example.com,Premium,DSL,133.49,20,635.07,5,13,Low
CUS000860,Carol Castro,ronaldsmith@example.org,Basic,Fiber,82.57,1500,1146.17,4,10,Low
CUS000861,Mary Brewer,parkerroy@example.com,Standard,Fiber,156.08,15,1157.28,2,5,High
CUS000862,Timothy Moran,lynchtaylor@example.com,Premium,DSL,155.9,100,826.88,5,3,Medium
CUS000863,Alan Pineda,steven55@example.org,Premium,Satellite,50.3,50,1396.56,1,6,Medium
CUS000864,Anthony Martinez,cwallace@example.net,Business,Satellite,150.33,500,167.07,3,4,High
CUS000865,Mitchell Guerrero,rneal@example.com,Basic,DSL,149.24,20,1636.95,3,7,Medium
CUS000866,Robert Miller,tayloradam@example.net,Standard,Fiber,57.84,75,979.25,1,6,High
CUS000867,Alyssa Buckley,williamsonrandy@example.org,Premium,Fiber,192.0,750,1278.23,3,3,High
CUS000868,Jerry Wells,coreystephens@example.net,Enterprise,Satellite,218.9,10,927.22,4,13,High
CUS000869,John Rojas,carlsonjeremy@example.com,Standard,Cable,163.1,10,702.58,1,14,High
CUS000870,Frank Turner,hernandezbryan@example.org,Business,DSL,152.52,100,753.88,4,2,Medium
CUS000871,Charles Willis,tesparza@example.com,Basic,DSL,58.37,50,1142.68,2,3,Medium
CUS000872,Robert Wallace,plopez@example.org,Enterprise,Satellite,151.57,20,1867.1,3,4,High
CUS000873,Brandon Brooks,lukejones@example.com,Standard,DSL,162.78,1000,552.54,4,0,High
CUS000874,Lauren Flores,uharris@example.com,Standard,Fiber,75.68,1500,88.68,3,15,Medium
CUS000875,Christopher Lawson,garrett23@example.net,Premium,Satellite,180.68,20,286.41,2,11,High
CUS000876,Jose Simmons,nballard@example.net,Standard,Fiber,161.13,300,1741.37,5,9,High
CUS000877,Walter Wise,madison38@example.org,Basic,Cable,34.98,1000,1928.08,3,11,High
CUS000878,Sarah Chandler,suttonnancy@example.org,Basic,DSL,167.2,20,437.97,2,4,High
CUS000879,John Lin,starkrobert@example.net,Standard,DSL,76.23,100,1172.99,1,14,Medium
CUS000880,Teresa Smith,jonessean@example.com,Premium,Fiber,40.85,1500,1315.81,3,10,Medium
CUS000881,Andrea Wright,davisanne@example.net,Enterprise,Satellite,251.08,1000,390.35,1,5,Low
CUS000882,Cheyenne Foley,natalieberger@example.com,Enterprise,Satellite,228.02,1000,1571.6,2,9,Low
CUS000883,Tonya Washington,wzuniga@example.com,Premium,DSL,43.09,10,742.46,1,0,Low
CUS000884,Charles Ramirez,dpark@example.net,Business,Fiber,107.37,30,1362.73,4,3,Low
CUS000885,Diana Mcgee,melissa69@example.com,Basic,Cable,91.21,200,1000.61,5,7,Low
CUS000886,James Martinez,hendersonrandall@example.net,Business,Fiber,114.92,150,1486.23,1,4,Low
CUS000887,William Baker,pottsstephanie@example.org,Premium,Satellite,126.36,500,1784.78,4,4,Low
CUS000888,Jon Carlson,tamara22@example.org,Business,DSL,92.5,100,793.09,5,7,High
CUS000889,Steven Walker,philip52@example.net,Premium,DSL,73.36,100,608.72,2,9,Low
CUS000890,Katherine Pacheco,rgoodman@example.org,Enterprise,DSL,147.48,100,1281.84,2,4,Low
CUS000891,Jessica Rivera,hrobinson@example.com,Enterprise,Cable,227.56,100,332.45,3,6,Low
CUS000892,Christine Roberson,kimberly14@example.org,Business,Cable,152.86,100,376.77,4,4,Medium
CUS000893,Reginald Morris,melaniejohnson@example.net,Business,Satellite,68.82,10,1625.05,5,2,High
CUS000894,Brett Franco,joanna42@example.net,Basic,Fiber,116.49,15,707.91,3,13,Low
CUS000895,Scott Mason,duranjoshua@example.org,Enterprise,Fiber,137.48,300,1280.98,3,3,High
CUS000896,Michael Graham,masonbarbara@example.org,Basic,Fiber,176.69,30,1164.69,2,2,Low
CUS000897,Lauren Sims,mwilliams@example.net,Business,Cable,71.56,500,1705.36,1,0,Medium
CUS000898,April Dixon,shanereyes@example.net,Premium,DSL,110.19,50,189.12,5,15,High
CUS000899,Eric Martinez,chapmanbarbara@example.net,Enterprise,Satellite,195.1,10,365.9,2,13,High
CUS000900,Kevin Brandt,wyattkaren@example.com,Premium,Satellite,55.5,50,495.02,2,1,Low
CUS000901,George Chavez,boyletina@example.net,Basic,Cable,188.29,1000,667.91,1,6,Low
CUS000902,Debra Nelson,thomasbradley@example.org,Basic,Cable,175.76,1000,618.14,4,3,Medium
CUS000903,Patrick Simmons,huntnicole@example.net,Standard,DSL,123.98,200,571.57,4,1,Medium
CUS000904,Courtney Pearson,melindaguzman@example.org,Enterprise,DSL,285.36,20,1307.06,5,1,Low
CUS000905,Kristen Stanley,shannonlarson@example.com,Enterprise,Cable,255.9,10,578.93,1,15,Medium
CUS000906,Bethany Anderson,hernandezjoseph@example.net,Basic,Satellite,101.28,500,917.55,1,3,Medium
CUS000907,Sharon Cooper,prestonadam@example.com,Premium,DSL,84.7,10,1732.47,3,8,Low
CUS000908,Stephen Black,peggy45@example.org,Enterprise,DSL,200.75,500,758.17,1,1,Low
CUS000909,Mindy Bautista,jeffreyphillips@example.com,Basic,Satellite,152.44,500,1194.49,5,2,Low
CUS000910,Mr. Dillon Taylor,elizabethmiles@example.org,Standard,DSL,76.1,20,1932.78,1,9,Low
CUS000911,Mrs. Jessica Chan DDS,vzavala@example.net,Business,Satellite,43.23,20,857.28,3,0,High
CUS000912,Christine Payne,imorris@example.org,Enterprise,Fiber,193.37,750,408.58,4,3,High
CUS000913,Cody Durham,michele37@example.net,Business,DSL,115.34,50,95.05,1,3,Medium
CUS000914,Patricia Keller,phillip75@example.net,Premium,DSL,183.32,50,1469.16,1,6,Medium
CUS000915,Dorothy Acosta,luisrhodes@example.net,Standard,Fiber,60.48,30,1340.94,5,6,Medium
CUS000916,Shannon Swanson,roweraymond@example.com,Enterprise,Satellite,266.73,10,1883.85,3,5,Low
CUS000917,Amber Berry,gpeterson@example.net,Business,DSL,196.83,100,1416.36,1,11,Medium
CUS000918,Bonnie Hicks,hparsons@example.org,Business,Fiber,192.18,300,206.13,5,0,High
CUS000919,George Hudson,leonryan@example.org,Basic,Satellite,41.71,200,375.48,3,2,Low
CUS000920,Stephen Parker,lydia51@example.com,Business,DSL,109.06,50,250.87,2,4,Low
CUS000921,Kathy Garrett,vbyrd@example.org,Premium,Cable,77.98,20,174.4,3,8,Medium
CUS000922,Christina Jackson,carolynwheeler@example.com,Business,Fiber,173.61,15,1763.45,2,11,High
CUS000923,Donna Marsh,edwardbutler@example.org,Premium,Satellite,85.63,1000,1119.45,2,11,Medium
CUS000924,Jordan Dillon,medinadeborah@example.org,Premium,Cable,124.02,10,101.41,3,5,Low
CUS000925,Garrett Brown,amyarellano@example.org,Basic,Satellite,31.34,50,824.17,3,7,Medium
CUS000926,Allen Fletcher,scottpierce@example.com,Standard,Cable,64.1,50,1541.74,5,2,Low
CUS000927,Shannon Scott,sawyeramber@example.com,Premium,Cable,125.84,100,212.34,3,3,Low
CUS000928,Kelly Nelson,castillomichael@example.net,Business,Fiber,81.65,750,561.78,4,0,High
CUS000929,Michael Perez,donovannathan@example.org,Business,Fiber,135.85,300,352.79,1,6,High
CUS000930,Noah Gallagher,edowns@example.org,Premium,Cable,108.86,200,1326.92,3,6,Medium
CUS000931,Beth Jones,christopher35@example.net,Business,Fiber,130.58,300,1776.67,2,9,Medium
CUS000932,Samuel Bailey,megan81@example.com,Enterprise,Satellite,213.86,50,653.27,2,5,Medium
CUS000933,Jimmy Yang,jennifer40@example.net,Basic,DSL,161.33,100,532.42,3,0,High
CUS000934,Dominique Stevenson,gbartlett@example.com,Business,Satellite,63.21,500,604.14,1,3,High
CUS000935,Mr. Luke Lopez,davidbennett@example.com,Basic,Cable,183.07,20,1271.64,1,6,High
CUS000936,Emma Morgan,melissa04@example.net,Premium,Satellite,159.27,50,305.99,5,15,High
CUS000937,Miss Megan Higgins DVM,meghan69@example.org,Premium,Cable,71.66,100,1685.11,5,11,High
CUS000938,Laura Jimenez,bmartinez@example.org,Premium,Satellite,31.07,50,105.71,5,5,Medium
CUS000939,Barbara Stanley,ryanavery@example.com,Basic,Satellite,99.7,1000,1343.92,1,14,Low
CUS000940,Dr. Sharon Rodriguez,crogers@example.net,Business,Fiber,69.6,30,1727.72,2,3,Medium
CUS000941,Sarah Miller,patrick29@example.org,Enterprise,Cable,188.88,20,684.14,5,5,Medium
CUS000942,Elizabeth Bennett,tami31@example.org,Basic,Cable,172.72,1000,978.5,3,11,Medium
CUS000943,Rose Green,yparker@example.org,Enterprise,DSL,279.11,100,1951.21,5,12,High
CUS000944,Joseph Wolfe,zmason@example.com,Business,Satellite,191.66,10,1104.14,3,13,High
CUS000945,Amy Jennings,stonekimberly@example.net,Business,Satellite,30.24,20,581.21,3,6,High
CUS000946,Bethany Blankenship,haynesvictor@example.org,Basic,DSL,141.73,20,917.45,2,7,High
CUS000947,Michael Jensen,jo29@example.com,Standard,Cable,174.32,500,1940.61,3,13,High
CUS000948,Ian Pollard,xschultz@example.org,Enterprise,Satellite,253.62,20,1410.36,5,3,Medium
CUS000949,Lori Lee,william12@example.com,Premium,DSL,47.66,20,395.22,2,10,Low
CUS000950,Kayla Moore,edwardjones@example.net,Enterprise,DSL,220.06,500,1215.29,2,3,High
CUS000951,Whitney Rhodes,christophermiller@example.org,Business,DSL,70.48,10,1280.54,1,14,Low
CUS000952,Eduardo Stanley,destiny62@example.net,Business,Satellite,113.63,200,1289.91,3,3,High
CUS000953,Jennifer Chandler,gjohnson@example.net,Basic,Cable,40.17,200,1149.77,5,4,Low
CUS000954,Natalie Landry,acostakatherine@example.com,Standard,Cable,199.47,20,1070.75,3,15,Medium
CUS000955,Cheryl Christian,clarkpatricia@example.org,Premium,DSL,150.97,10,1297.08,5,11,High
CUS000956,Melissa Torres MD,patrickevans@example.com,Enterprise,DSL,145.8,50,653.84,4,9,Medium
CUS000957,Dawn White,amber88@example.com,Standard,Cable,186.61,500,726.98,1,1,High
CUS000958,Raymond Bishop,davidacosta@example.org,Premium,DSL,182.53,500,1102.35,2,2,Low
CUS000959,Kathleen Gonzalez,dayjames@example.org,Business,DSL,118.35,1000,1619.18,1,10,Medium
CUS000960,Karen Harrell,baileyashley@example.com,Business,Cable,149.13,10,911.63,4,15,High
CUS000961,Grant Anderson,alexissimmons@example.net,Basic,Satellite,93.31,100,763.28,1,3,Medium
CUS000962,Lisa Anthony,kelly11@example.com,Basic,DSL,195.66,500,556.62,1,12,Medium
CUS000963,Cathy Carr,michaelblair@example.net,Enterprise,Satellite,144.42000000000002,50,641.97,4,9,Low
CUS000964,John Hoffman,jessica61@example.net,Standard,DSL,46.24,1000,50.18,1,14,Medium
CUS000965,Jeff Allen,fblack@example.net,Standard,DSL,52.69,200,1639.99,1,9,High
CUS000966,Amber Harris,darren34@example.org,Premium,DSL,169.38,200,1703.5,4,14,High
CUS000967,Anthony Hart,qferguson@example.net,Enterprise,Fiber,142.71,15,720.58,4,7,Medium
CUS000968,Morgan Calhoun,wtaylor@example.com,Basic,Satellite,126.52,200,964.94,2,13,Medium
CUS000969,Emily Kim,richardbrown@example.org,Enterprise,Satellite,203.94,10,66.22,5,9,High
CUS000970,Tiffany Baldwin,powersrebecca@example.org,Business,DSL,193.91,500,1848.07,5,13,Medium
CUS000971,April Stevens,kelly65@example.org,Basic,Cable,70.24,10,1896.57,4,6,Low
CUS000972,Jessica Santos,susannguyen@example.net,Standard,DSL,74.36,500,980.28,5,2,Low
CUS000973,Felicia Clements,tylerrice@example.com,Basic,Fiber,83.54,1500,67.81,3,15,Medium
CUS000974,Emily Vazquez,emily19@example.org,Business,DSL,166.13,10,889.35,3,11,High
CUS000975,Craig Wu,andrearias@example.net,Basic,Fiber,149.11,15,621.2,3,5,Low
CUS000976,Jamie Duncan,paulsmith@example.org,Standard,DSL,155.0,500,500.87,2,0,Medium
CUS000977,Elizabeth Wright,michellerogers@example.net,Business,Satellite,84.06,10,64.08,5,15,Medium
CUS000978,Mrs. Cynthia Adams,hilljoseph@example.net,Premium,DSL,76.22,100,778.61,1,3,Medium
CUS000979,Jordan Brown,bbishop@example.com,Enterprise,Satellite,142.69,100,852.88,4,12,Low
CUS000980,Cody Levine,morganpaul@example.net,Premium,Cable,64.45,100,1143.08,5,14,High
CUS000981,Javier Wiggins,tchan@example.com,Business,Cable,162.58,10,819.77,2,2,Low
CUS000982,Alan Farley,julian46@example.com,Business,DSL,129.39,200,368.38,1,3,High
CUS000983,Amanda Tucker,xtaylor@example.com,Business,DSL,56.41,50,1487.38,4,4,High
CUS000984,Seth Taylor,rosstravis@example.net,Standard,Cable,57.93,100,809.96,1,12,Medium
CUS000985,Jason Mccarthy,toddlauren@example.net,Business,Fiber,109.22,750,787.8,4,12,High
CUS000986,Terrance King,james03@example.com,Enterprise,Cable,199.1,20,562.81,3,3,High
CUS000987,Daniel Christensen,jonathan51@example.org,Standard,Cable,121.1,20,873.37,4,5,High
CUS000988,Jill Dean,wendybartlett@example.org,Business,Fiber,193.98,750,517.15,4,2,Medium
CUS000989,Andrew Lee,tday@example.org,Standard,Cable,65.29,500,1540.85,2,11,Low
CUS000990,Marvin Cook,nathan75@example.com,Enterprise,Cable,182.4,500,1824.41,2,6,Medium
CUS000991,Brian Cross,shawn15@example.com,Enterprise,Fiber,175.04000000000002,15,1624.77,2,10,High
CUS000992,Vincent Wright,petersenangela@example.org,Standard,Fiber,50.38,75,1385.05,5,6,High
CUS000993,Danielle Gutierrez,qrodgers@example.org,Basic,Satellite,56.78,100,605.12,3,12,Medium
CUS000994,Mariah Lewis,sethgarcia@example.org,Premium,DSL,146.62,500,1498.71,3,3,Medium
CUS000995,Anthony Cooper,murphygeorge@example.com,Business,Satellite,170.48,10,1627.18,4,7,High
CUS000996,Amanda Conner,villegaskaren@example.net,Premium,Fiber,148.46,750,855.16,2,13,High
CUS000997,Jackson George,gterry@example.net,Enterprise,Cable,136.85,200,1714.29,3,15,High
CUS000998,Jennifer Brooks,michaelcruz@example.org,Premium,Fiber,172.1,75,405.69,3,8,Medium
CUS000999,Jesus Lewis,kristi05@example.org,Basic,Cable,85.71,200,614.71,4,8,Medium
